vessel_type,speed_kn,cargo_load_t,distance_nm,fuel_type,weather,fuel_consumption_l
Feeder,13.51,3104.1,1579.6,Hydrogen,Calm,50.0
Ro-Ro,18.07,2117.4,1073.3,Hydrogen,Calm,108.7
Ro-Ro,18.4,4437.9,615.8,Hydrogen,Moderate,81.7
Tanker,15.68,8064.7,876.8,Ammonia,Rough,163.8
Ro-Ro,12.75,4013.6,239.8,Hydrogen,Calm,50.0
Tanker,18.71,5527.9,909.4,Hydrogen,Moderate,223.2
Handymax,14.28,2479.9,1523.1,Conventional (HFO/MGO),Calm,88.0
Ro-Ro,18.24,4079.9,741.1,Ammonia,Moderate,117.3
Ro-Ro,11.07,6636.3,1512.9,Conventional (HFO/MGO),Moderate,62.2
Container,18.26,3742.1,384.8,Methanol,Moderate,95.8
Tanker,16.88,7077.7,1284.8,Methanol,Moderate,251.0
Container,16.8,5203.3,987.5,Conventional (HFO/MGO),Rough,233.7
Ro-Ro,13.53,3479.0,1506.9,Conventional (HFO/MGO),Moderate,96.1
Tanker,13.66,10214.6,492.3,Hydrogen,Calm,51.1
Ro-Ro,15.16,2632.1,1177.1,Hydrogen,Calm,84.4
Handymax,13.43,2867.9,1442.1,Methanol,Calm,68.2
Handymax,18.66,5561.2,1584.4,Conventional (HFO/MGO),Calm,228.0
Panamax,18.17,5035.4,708.1,Hydrogen,Calm,111.2
Feeder,11.62,1556.7,1337.4,Methanol,Calm,50.0
Feeder,15.76,1637.0,1436.0,Hydrogen,Moderate,50.0
Container,16.57,3266.1,1162.7,Conventional (HFO/MGO),Calm,217.9
Ro-Ro,16.29,2355.3,2046.5,Conventional (HFO/MGO),Moderate,169.0
Container,12.25,13535.9,1138.7,Methanol,Moderate,135.6
Panamax,15.91,8552.4,1322.0,Methanol,Moderate,207.0
Tanker,14.69,6613.6,194.3,LNG,Moderate,50.0
Container,18.09,3442.3,1528.1,Conventional (HFO/MGO),Calm,322.6
Ro-Ro,17.92,2003.3,2027.8,Hydrogen,Calm,184.2
Feeder,12.97,3023.4,1806.9,Methanol,Calm,50.0
Container,17.67,5666.8,2068.9,LNG,Calm,456.7
Panamax,20.92,8220.1,1684.6,Methanol,Rough,631.8
Feeder,12.53,2861.6,1506.4,Methanol,Calm,50.0
Ro-Ro,13.36,6646.2,644.0,Hydrogen,Calm,50.0
Tanker,11.61,6795.1,1942.9,Conventional (HFO/MGO),Calm,112.5
Tanker,18.75,7207.1,445.0,Hydrogen,Calm,109.8
Panamax,17.78,2677.2,1188.0,Conventional (HFO/MGO),Moderate,181.0
Handymax,17.24,5020.1,1664.9,Conventional (HFO/MGO),Calm,176.6
Tanker,14.4,8763.5,2109.0,LNG,Calm,255.7
Handymax,15.0,4596.7,367.1,Conventional (HFO/MGO),Calm,50.0
Feeder,14.77,2839.3,1798.9,Ammonia,Moderate,53.3
Tanker,10.98,8635.4,1783.5,Conventional (HFO/MGO),Calm,97.3
Ro-Ro,18.81,5459.9,995.8,Hydrogen,Calm,151.2
Feeder,16.94,1970.9,658.1,Hydrogen,Calm,50.0
Tanker,10.95,2532.5,1368.6,Ammonia,Calm,68.7
Panamax,12.44,8431.0,489.3,LNG,Calm,50.0
Handymax,10.19,1588.1,508.0,Conventional (HFO/MGO),Calm,50.0
Container,16.33,5452.7,1184.3,Hydrogen,Rough,213.1
Container,14.0,4672.8,661.2,Conventional (HFO/MGO),Moderate,76.6
Panamax,14.74,5571.0,358.4,Conventional (HFO/MGO),Moderate,50.0
Handymax,10.89,5249.2,2000.4,Ammonia,Rough,78.0
Container,19.07,9878.4,425.8,Hydrogen,Moderate,119.4
Tanker,14.17,6096.9,1461.1,Ammonia,Calm,175.9
Handymax,13.75,2509.4,903.4,Methanol,Calm,50.0
Handymax,16.17,2843.8,2095.2,LNG,Rough,216.8
Ro-Ro,15.82,7030.8,1487.8,LNG,Moderate,159.4
Ro-Ro,13.59,6303.3,564.9,Hydrogen,Moderate,50.0
Tanker,10.86,9366.9,323.2,Hydrogen,Rough,50.0
Tanker,17.21,8099.3,1754.4,Ammonia,Moderate,394.6
Feeder,14.72,966.1,1413.1,LNG,Calm,50.0
Feeder,13.73,1854.3,1716.0,Methanol,Moderate,50.0
Panamax,20.31,2366.3,390.1,Methanol,Calm,83.0
Ro-Ro,17.97,5158.9,834.0,Methanol,Rough,135.2
Container,16.01,6321.7,473.1,LNG,Calm,86.4
Container,16.22,9405.0,1283.6,Methanol,Rough,305.9
Container,16.14,13850.3,1621.4,Methanol,Rough,475.4
Panamax,17.37,2677.8,1355.9,Ammonia,Moderate,218.5
Feeder,16.6,1527.0,1090.0,Methanol,Calm,50.0
Container,20.59,3461.6,2193.9,Ammonia,Rough,836.4
Ro-Ro,11.96,7994.3,1514.7,Ammonia,Moderate,90.3
Ro-Ro,11.26,2748.6,443.2,Ammonia,Moderate,50.0
Feeder,15.25,686.8,161.1,Ammonia,Calm,50.0
Tanker,12.15,10554.3,267.3,Ammonia,Moderate,50.0
Feeder,15.58,3046.3,232.3,Hydrogen,Calm,50.0
Container,21.36,3890.0,1656.0,Hydrogen,Calm,489.6
Feeder,17.84,2412.3,261.7,Hydrogen,Moderate,50.0
Panamax,18.1,2708.0,338.0,Ammonia,Calm,50.8
Container,20.62,9927.8,1323.4,Methanol,Calm,583.3
Container,18.36,9117.8,1480.9,LNG,Rough,458.3
Handymax,13.64,3765.7,394.4,Methanol,Calm,50.0
Feeder,13.42,2410.8,1451.0,LNG,Calm,50.0
Tanker,15.29,4536.3,223.9,LNG,Calm,50.0
Feeder,14.58,2284.2,1589.1,LNG,Moderate,50.0
Container,20.66,8950.4,1034.4,LNG,Moderate,463.3
Tanker,16.63,10909.5,2038.2,Methanol,Moderate,459.4
Panamax,14.14,7829.2,1163.0,Hydrogen,Calm,106.4
Tanker,10.5,4244.9,835.0,Ammonia,Calm,50.0
Feeder,10.12,2585.2,1905.9,Hydrogen,Calm,50.0
Panamax,12.2,3935.5,2114.8,Hydrogen,Rough,127.5
Handymax,16.19,4968.1,945.1,LNG,Moderate,87.5
Ro-Ro,15.73,2317.0,490.1,LNG,Moderate,50.0
Tanker,17.55,11907.1,440.3,Methanol,Calm,109.6
Panamax,18.55,4923.2,1112.1,Conventional (HFO/MGO),Calm,199.1
Panamax,11.45,3090.3,748.7,Ammonia,Moderate,50.0
Ro-Ro,11.76,2764.5,1879.4,Methanol,Moderate,71.2
Handymax,16.87,1478.9,901.5,Hydrogen,Moderate,72.2
Tanker,14.34,9778.8,1896.6,Ammonia,Moderate,279.8
Panamax,19.5,4252.3,1172.6,Methanol,Moderate,260.0
Feeder,17.34,2114.0,513.9,LNG,Calm,50.0
Panamax,20.27,5027.1,780.4,Conventional (HFO/MGO),Moderate,198.3
Handymax,16.33,4242.1,2162.7,LNG,Moderate,204.7
Tanker,18.13,9318.7,2124.6,Hydrogen,Moderate,483.0
Feeder,15.86,1656.2,1283.9,Conventional (HFO/MGO),Moderate,50.0
Feeder,12.31,2754.5,1687.5,Ammonia,Calm,50.0
Panamax,18.77,5325.8,2170.4,Conventional (HFO/MGO),Moderate,416.6
Panamax,18.94,2142.8,1288.7,Methanol,Moderate,239.8
Handymax,10.33,3238.1,249.8,Ammonia,Calm,50.0
Ro-Ro,17.96,7138.9,1665.8,Hydrogen,Moderate,244.2
Tanker,15.6,8865.0,159.2,LNG,Moderate,50.0
Container,16.41,10998.1,1526.8,Conventional (HFO/MGO),Calm,270.2
Container,21.39,5269.9,1360.2,LNG,Calm,450.7
Container,14.06,3214.2,851.0,Ammonia,Moderate,102.4
Container,15.26,6316.2,430.5,Ammonia,Moderate,63.8
Feeder,17.32,1792.6,425.5,LNG,Calm,50.0
Handymax,10.16,3375.7,1450.8,LNG,Calm,50.0
Tanker,16.77,6326.9,733.3,Ammonia,Rough,144.4
Container,22.0,7483.6,1671.8,LNG,Moderate,697.4
Feeder,11.93,1374.0,468.7,LNG,Rough,50.0
Feeder,16.34,2481.2,1048.7,Methanol,Moderate,50.0
Container,20.96,12908.6,1764.6,Hydrogen,Calm,736.7
Panamax,17.53,8678.5,1201.1,Conventional (HFO/MGO),Calm,229.8
Tanker,10.93,2794.4,654.4,Ammonia,Calm,50.0
Panamax,14.13,2166.9,378.8,Methanol,Calm,50.0
Tanker,11.86,4416.6,958.0,Hydrogen,Calm,50.7
Panamax,19.63,1808.9,1191.7,Conventional (HFO/MGO),Moderate,225.8
Handymax,17.03,5237.8,683.7,Methanol,Calm,66.3
Tanker,16.15,3826.0,828.0,Methanol,Rough,135.5
Handymax,16.4,2082.4,247.1,Methanol,Calm,50.0
Feeder,11.51,787.6,376.8,Conventional (HFO/MGO),Moderate,50.0
Feeder,14.72,3078.4,159.7,Methanol,Rough,50.0
Handymax,16.96,5748.6,671.2,Conventional (HFO/MGO),Rough,84.9
Tanker,18.86,5870.7,1817.0,Hydrogen,Calm,424.1
Feeder,11.73,1859.3,801.2,Hydrogen,Calm,50.0
Ro-Ro,11.17,2326.7,1636.6,LNG,Moderate,52.8
Ro-Ro,19.01,5400.5,408.4,LNG,Calm,61.5
Feeder,14.06,2980.3,158.2,Conventional (HFO/MGO),Calm,50.0
Container,13.4,11014.1,1954.8,Methanol,Moderate,233.7
Panamax,11.51,5405.2,754.2,LNG,Moderate,50.0
Panamax,16.96,3080.2,1941.5,Conventional (HFO/MGO),Calm,236.7
Panamax,14.96,5936.8,1637.8,Methanol,Moderate,183.4
Ro-Ro,14.77,4281.7,175.6,Ammonia,Moderate,50.0
Handymax,10.85,5926.2,959.8,Methanol,Moderate,50.0
Handymax,11.61,2157.8,1910.9,Ammonia,Rough,71.9
Handymax,16.6,5416.2,927.1,Methanol,Moderate,105.9
Container,20.61,9183.3,364.5,Hydrogen,Rough,153.4
Tanker,10.9,3635.2,1674.4,Hydrogen,Calm,74.1
Tanker,16.47,10920.7,959.0,LNG,Calm,210.5
Container,16.5,8177.0,2067.5,Methanol,Moderate,444.3
Handymax,13.55,1829.3,483.9,LNG,Moderate,50.0
Feeder,11.95,837.4,1694.7,Ammonia,Rough,50.0
Handymax,11.67,4014.5,1110.3,LNG,Calm,50.0
Feeder,17.67,2166.0,1165.8,Methanol,Calm,50.0
Feeder,16.12,3154.8,1998.4,LNG,Rough,84.5
Handymax,10.65,1861.4,774.2,Ammonia,Moderate,50.0
Ro-Ro,16.55,5071.1,488.9,Ammonia,Calm,56.8
Feeder,14.67,2758.4,756.9,Ammonia,Calm,50.0
Feeder,16.18,1279.1,2080.2,Hydrogen,Calm,58.5
Ro-Ro,13.38,6140.3,518.0,Conventional (HFO/MGO),Calm,50.0
Panamax,18.1,7048.5,1942.9,LNG,Calm,343.5
Ro-Ro,13.2,2303.0,2077.0,LNG,Rough,111.0
Panamax,15.91,5614.2,1250.0,Methanol,Calm,164.0
Handymax,18.57,3513.7,2104.1,Conventional (HFO/MGO),Calm,259.1
Tanker,12.28,2688.5,393.9,LNG,Rough,50.0
Tanker,14.19,5203.6,1240.4,Hydrogen,Calm,95.9
Feeder,15.93,2012.5,463.4,Ammonia,Rough,50.0
Container,15.77,10026.8,1426.6,Conventional (HFO/MGO),Moderate,267.7
Ro-Ro,19.31,4403.1,1460.0,LNG,Calm,217.0
Panamax,11.62,5099.5,414.5,LNG,Calm,50.0
Handymax,18.3,2959.6,1638.7,LNG,Moderate,188.1
Container,17.2,13440.7,852.6,Methanol,Calm,241.0
Tanker,10.36,6716.5,1979.6,Ammonia,Moderate,114.2
Handymax,15.94,2872.9,2092.4,Methanol,Calm,179.8
Handymax,15.06,4655.0,1193.3,Methanol,Rough,114.1
Panamax,14.42,4212.2,1052.1,Hydrogen,Calm,82.2
Panamax,17.56,6572.9,190.5,Hydrogen,Calm,50.0
Feeder,16.89,1390.7,1519.1,Hydrogen,Calm,50.0
Ro-Ro,13.55,5918.3,2016.2,Conventional (HFO/MGO),Calm,137.6
Container,22.48,8256.6,673.0,Hydrogen,Moderate,295.4
Ro-Ro,14.6,5238.4,197.6,Ammonia,Calm,50.0
Tanker,14.0,11385.0,1900.7,Hydrogen,Calm,230.9
Ro-Ro,16.69,3271.0,650.6,Methanol,Rough,79.5
Panamax,20.78,7163.9,1717.6,Ammonia,Moderate,597.2
Container,14.64,10022.0,743.1,Methanol,Calm,123.2
Handymax,11.97,5117.1,1914.2,Methanol,Calm,77.8
Feeder,16.38,2614.0,433.6,LNG,Moderate,50.0
Feeder,17.99,1239.3,465.6,LNG,Calm,50.0
Tanker,18.83,2557.1,432.9,Ammonia,Moderate,95.6
Handymax,15.97,1881.6,1856.7,Ammonia,Calm,143.9
Container,17.51,8987.2,1488.0,Methanol,Rough,452.7
Feeder,15.82,3434.7,802.6,Conventional (HFO/MGO),Moderate,50.0
Panamax,17.72,3861.4,1764.3,Conventional (HFO/MGO),Moderate,268.4
Tanker,12.89,9588.7,1792.8,Methanol,Moderate,193.2
Panamax,19.79,2491.9,464.7,Conventional (HFO/MGO),Moderate,95.4
Container,12.01,6588.6,1738.0,Conventional (HFO/MGO),Calm,127.6
Ro-Ro,12.51,2222.4,1914.6,Ammonia,Moderate,84.9
Handymax,10.83,3351.3,1662.5,Ammonia,Calm,50.0
Panamax,18.5,4573.9,904.2,Methanol,Calm,158.1
Container,13.31,3763.0,511.4,Hydrogen,Calm,50.0
Feeder,17.92,929.3,1489.8,LNG,Calm,53.0
Panamax,20.76,7186.3,544.2,Ammonia,Calm,149.5
Tanker,16.61,7837.6,1279.4,LNG,Moderate,266.0
Handymax,10.45,4428.1,1146.7,Conventional (HFO/MGO),Calm,50.0
Panamax,19.27,5840.8,940.0,Hydrogen,Calm,185.1
Feeder,14.51,2594.6,285.5,LNG,Calm,50.0
Container,19.11,4726.0,1975.0,Ammonia,Moderate,661.3
Tanker,10.54,3721.4,1350.8,Ammonia,Calm,56.8
Feeder,10.79,1096.8,1016.6,LNG,Calm,50.0
Container,15.52,6840.5,263.3,Ammonia,Calm,50.0
Tanker,11.85,10928.3,2055.8,Hydrogen,Calm,140.3
Feeder,14.96,892.7,1897.4,Conventional (HFO/MGO),Moderate,50.0
Ro-Ro,19.97,1647.4,972.6,Methanol,Calm,137.3
Feeder,16.45,1177.0,2156.2,Methanol,Moderate,78.3
Ro-Ro,16.26,2419.5,808.2,LNG,Calm,77.9
Ro-Ro,16.3,3895.5,987.8,Ammonia,Calm,106.3
Handymax,18.4,3079.2,825.0,Ammonia,Moderate,113.2
Handymax,15.93,3861.1,807.5,Methanol,Calm,67.3
Container,13.83,9341.9,947.6,Conventional (HFO/MGO),Calm,110.0
Ro-Ro,13.32,6891.5,2051.4,Hydrogen,Moderate,132.8
Tanker,18.51,6167.9,2044.0,Conventional (HFO/MGO),Moderate,525.7
Container,19.48,9101.9,204.4,Conventional (HFO/MGO),Moderate,65.8
Panamax,15.66,1635.0,1762.6,Methanol,Calm,173.8
Tanker,15.09,4995.3,479.2,LNG,Moderate,58.8
Panamax,20.65,7766.9,1904.1,Methanol,Calm,503.5
Tanker,13.37,3370.6,1812.5,Ammonia,Moderate,182.9
Container,18.68,7559.8,908.5,Ammonia,Calm,262.1
Tanker,17.54,4275.2,772.8,Hydrogen,Rough,145.9
Tanker,14.17,9025.2,485.0,Methanol,Moderate,67.4
Ro-Ro,11.36,4555.1,1220.6,Hydrogen,Calm,50.0
Container,15.79,3329.4,2092.0,Conventional (HFO/MGO),Calm,304.1
Handymax,10.73,4328.0,1936.4,Ammonia,Moderate,58.5
Feeder,10.29,2196.9,2186.8,Methanol,Rough,50.0
Panamax,14.02,7379.1,242.5,Hydrogen,Rough,50.0
Tanker,10.54,8677.7,469.3,Conventional (HFO/MGO),Moderate,50.0
Tanker,13.58,5560.1,279.4,Methanol,Rough,50.0
Ro-Ro,13.57,7772.0,343.3,Conventional (HFO/MGO),Rough,50.0
Container,22.73,10484.7,2083.9,Ammonia,Calm,1077.0
Panamax,16.43,8272.2,2142.2,Methanol,Moderate,312.7
Handymax,13.48,3180.3,952.6,Methanol,Calm,50.0
Container,16.91,11334.6,1405.1,Hydrogen,Calm,280.4
Tanker,18.78,3749.6,1207.3,LNG,Rough,272.0
Feeder,10.39,968.6,279.8,LNG,Calm,50.0
Handymax,14.83,4204.7,563.8,Ammonia,Moderate,50.0
Container,22.44,6696.5,335.7,Ammonia,Calm,173.0
Container,16.16,11432.7,1258.0,Ammonia,Calm,300.4
Panamax,17.73,4382.5,618.7,Hydrogen,Moderate,93.0
Ro-Ro,12.69,2000.9,1170.2,Ammonia,Moderate,53.7
Tanker,18.95,7068.3,1129.8,Methanol,Calm,316.0
Ro-Ro,13.05,4970.6,254.2,Methanol,Rough,50.0
Handymax,14.28,1613.7,1835.5,Ammonia,Moderate,108.9
Tanker,15.74,8849.8,1443.7,Methanol,Calm,227.2
Ro-Ro,19.65,3973.8,1021.4,Hydrogen,Moderate,166.2
Feeder,13.68,1117.2,1677.7,Hydrogen,Calm,50.0
Handymax,16.73,5494.5,708.8,Hydrogen,Calm,59.8
Ro-Ro,12.78,3464.5,1235.3,Conventional (HFO/MGO),Rough,78.6
Panamax,12.75,3889.2,1130.7,Hydrogen,Calm,61.6
Panamax,12.27,5121.5,1595.3,LNG,Calm,83.1
Panamax,18.48,6816.5,1068.9,Hydrogen,Moderate,187.6
Handymax,11.59,3443.9,953.7,LNG,Calm,50.0
Panamax,13.73,2437.7,1049.6,LNG,Calm,63.1
Tanker,16.87,9440.0,1170.8,LNG,Moderate,200.2
Container,18.75,12765.5,2012.6,Ammonia,Moderate,781.9
Ro-Ro,11.14,4654.1,1163.3,Conventional (HFO/MGO),Calm,50.0
Ro-Ro,18.53,2295.4,611.6,Methanol,Moderate,83.5
Ro-Ro,18.86,7295.4,794.4,Ammonia,Calm,146.0
Ro-Ro,19.45,3805.7,1291.9,Hydrogen,Calm,193.8
Panamax,11.58,7675.5,975.9,Conventional (HFO/MGO),Moderate,54.4
Ro-Ro,12.58,5947.1,692.7,Conventional (HFO/MGO),Rough,50.0
Panamax,19.14,3493.8,716.2,Hydrogen,Rough,154.1
Feeder,13.46,1207.3,1740.4,Methanol,Moderate,50.0
Ro-Ro,12.92,1424.1,1320.9,Ammonia,Rough,72.9
Panamax,16.19,6783.6,332.5,LNG,Calm,50.0
Feeder,11.51,1247.4,990.6,LNG,Moderate,50.0
Container,19.59,11836.7,994.3,Hydrogen,Calm,298.5
Feeder,15.84,2411.0,350.5,LNG,Moderate,50.0
Panamax,15.64,3452.4,1781.9,Conventional (HFO/MGO),Rough,223.0
Container,15.02,5653.0,426.8,LNG,Rough,77.7
Tanker,17.62,6232.3,222.0,LNG,Calm,50.0
Handymax,11.9,6070.5,1894.5,Hydrogen,Moderate,80.1
Container,21.54,5335.7,1418.8,Conventional (HFO/MGO),Moderate,539.0
Feeder,17.51,2739.4,1054.5,Hydrogen,Rough,52.7
Tanker,17.38,9593.8,740.1,Hydrogen,Calm,139.2
Panamax,16.05,5995.0,960.0,Methanol,Moderate,135.8
Ro-Ro,17.63,5939.0,1222.3,LNG,Calm,163.6
Handymax,16.5,6072.9,2167.6,Ammonia,Calm,231.4
Container,22.85,3850.6,995.4,Methanol,Rough,586.7
Container,16.21,11807.8,1961.2,Hydrogen,Calm,342.1
Panamax,17.06,5814.3,1850.7,LNG,Calm,240.9
Tanker,15.07,7157.8,263.2,Hydrogen,Calm,50.0
Ro-Ro,14.57,7648.9,254.3,Conventional (HFO/MGO),Moderate,50.0
Container,20.21,10902.8,592.6,Ammonia,Moderate,229.5
Ro-Ro,13.08,1774.0,2115.0,LNG,Moderate,108.5
Handymax,14.78,3485.4,1071.5,Hydrogen,Moderate,68.7
Feeder,16.49,1439.0,1336.1,Ammonia,Calm,50.0
Panamax,20.22,3725.8,496.7,Ammonia,Calm,116.8
Panamax,11.71,7934.9,301.8,Conventional (HFO/MGO),Calm,50.0
Ro-Ro,17.97,4933.1,1958.5,Methanol,Moderate,265.3
Tanker,14.03,5722.2,1108.7,Hydrogen,Calm,106.8
Ro-Ro,12.38,3176.7,1876.2,LNG,Calm,85.3
Container,12.86,11368.3,780.7,Ammonia,Calm,90.1
Container,15.25,9170.9,744.2,Ammonia,Moderate,154.6
Handymax,15.61,2002.4,1571.8,Hydrogen,Moderate,102.4
Container,16.92,7381.2,327.8,Conventional (HFO/MGO),Calm,68.4
Ro-Ro,13.13,6910.4,1268.9,Hydrogen,Moderate,72.6
Container,18.82,11308.5,1158.2,Methanol,Moderate,354.5
Tanker,10.65,7350.6,1137.3,Hydrogen,Rough,71.1
Container,22.58,6725.5,520.8,Methanol,Calm,212.7
Container,16.75,11415.5,1653.6,Conventional (HFO/MGO),Calm,380.9
Tanker,18.47,4006.7,1434.6,Conventional (HFO/MGO),Calm,317.8
Panamax,18.6,3460.9,2006.9,Methanol,Moderate,394.4
Handymax,18.99,2464.5,738.1,Ammonia,Calm,97.2
Container,22.93,13891.1,1229.9,Methanol,Moderate,721.6
Handymax,11.83,3737.0,1857.3,Ammonia,Calm,72.0
Panamax,20.85,7399.1,1786.8,Ammonia,Calm,483.8
Container,18.17,8461.6,1455.2,Methanol,Calm,439.6
Ro-Ro,13.98,2414.2,536.9,LNG,Rough,50.0
Feeder,16.07,1929.6,193.4,LNG,Calm,50.0
Panamax,13.75,2267.6,262.6,Hydrogen,Moderate,50.0
Feeder,11.24,2055.8,1061.6,Ammonia,Calm,50.0
Handymax,18.04,1357.3,516.1,Ammonia,Rough,66.5
Ro-Ro,12.83,5095.9,1635.9,Conventional (HFO/MGO),Moderate,81.7
Tanker,12.7,5817.9,887.3,Methanol,Calm,71.1
Feeder,15.69,751.6,1050.3,LNG,Moderate,50.0
Container,20.92,10771.1,360.7,Hydrogen,Moderate,139.0
Ro-Ro,11.38,2652.1,1082.5,LNG,Calm,50.0
Feeder,17.41,1263.8,2055.6,Ammonia,Calm,86.3
Container,12.13,9725.0,2138.9,Ammonia,Rough,225.6
Panamax,11.78,7038.7,1408.3,Methanol,Moderate,83.6
Container,13.69,11085.4,303.8,Methanol,Moderate,50.0
Container,17.61,5397.3,2137.4,Methanol,Moderate,505.3
Tanker,11.98,6853.7,2082.3,Conventional (HFO/MGO),Moderate,154.8
Tanker,13.4,10576.5,645.5,Ammonia,Moderate,77.2
Feeder,15.54,3464.5,458.7,LNG,Calm,50.0
Tanker,10.64,5802.4,1695.2,LNG,Calm,68.7
Feeder,14.16,2622.6,1065.1,Ammonia,Rough,50.0
Panamax,19.85,4731.3,440.4,Conventional (HFO/MGO),Calm,89.7
Feeder,12.29,1091.4,1054.2,Conventional (HFO/MGO),Calm,50.0
Panamax,11.32,6223.6,916.1,LNG,Moderate,50.0
Handymax,12.23,3391.4,957.8,Conventional (HFO/MGO),Moderate,50.0
Tanker,15.34,2174.7,1206.0,Methanol,Calm,132.4
Ro-Ro,18.05,6677.5,195.7,Conventional (HFO/MGO),Moderate,50.0
Tanker,17.09,7058.8,2054.8,LNG,Rough,419.9
Handymax,14.92,1904.4,839.4,Methanol,Rough,63.9
Feeder,16.74,1377.4,1133.6,Methanol,Rough,50.0
Feeder,10.41,2869.0,694.9,Conventional (HFO/MGO),Moderate,50.0
Container,22.23,7223.2,2140.8,Methanol,Calm,914.9
Ro-Ro,15.03,2965.1,1903.7,Ammonia,Calm,135.4
Tanker,11.68,4411.2,213.7,Ammonia,Calm,50.0
Ro-Ro,12.63,5179.0,690.1,Hydrogen,Calm,50.0
Panamax,15.67,4401.4,1897.9,Hydrogen,Moderate,213.6
Feeder,12.74,693.6,1163.9,Ammonia,Calm,50.0
Ro-Ro,12.18,5918.9,2070.7,Hydrogen,Moderate,85.6
Handymax,18.94,2839.4,483.9,Hydrogen,Moderate,55.5
Ro-Ro,16.52,1690.4,2051.7,Conventional (HFO/MGO),Calm,190.9
Tanker,12.16,5029.5,217.3,Conventional (HFO/MGO),Calm,50.0
Tanker,13.47,4712.1,822.2,LNG,Calm,67.7
Panamax,18.57,7941.2,2053.5,LNG,Moderate,409.8
Tanker,16.97,9741.7,1880.8,LNG,Rough,485.7
Feeder,16.45,1563.7,2054.9,Hydrogen,Calm,67.4
Handymax,10.84,4712.4,220.1,Hydrogen,Moderate,50.0
Ro-Ro,18.71,2226.5,715.6,Hydrogen,Calm,90.0
Container,14.92,7198.6,1021.5,Methanol,Rough,202.1
Tanker,13.83,4622.5,1180.1,Ammonia,Calm,113.5
Handymax,11.37,2889.3,1309.9,Methanol,Calm,50.0
Tanker,18.73,9933.3,2133.6,LNG,Moderate,594.8
Tanker,11.53,10255.0,1347.5,Methanol,Calm,101.7
Tanker,15.07,9322.0,270.6,Conventional (HFO/MGO),Moderate,50.0
Feeder,14.1,1220.5,1509.0,Conventional (HFO/MGO),Calm,50.0
Panamax,12.86,4127.5,1354.7,Ammonia,Moderate,97.6
Handymax,10.94,6498.8,1083.5,Conventional (HFO/MGO),Rough,50.0
Ro-Ro,11.79,2329.7,2055.7,Ammonia,Rough,100.9
Panamax,15.52,4796.4,539.6,LNG,Rough,73.0
Handymax,10.6,1501.5,1490.1,Hydrogen,Calm,50.0
Handymax,18.55,5192.3,1946.3,Conventional (HFO/MGO),Calm,254.9
Tanker,14.83,5249.9,274.3,LNG,Calm,50.0
Container,14.17,5733.2,1435.3,LNG,Calm,170.1
Ro-Ro,17.95,3521.7,1354.4,Methanol,Rough,197.1
Feeder,16.35,864.4,1029.7,Ammonia,Moderate,50.0
Ro-Ro,11.84,5196.9,409.5,Methanol,Moderate,50.0
Feeder,16.95,2109.5,1405.5,Hydrogen,Moderate,50.0
Container,12.4,7739.4,593.4,Ammonia,Rough,66.0
Handymax,11.69,3062.9,1592.7,Methanol,Calm,53.1
Handymax,16.88,2338.9,749.2,Ammonia,Rough,83.6
Container,15.38,6150.2,231.0,Hydrogen,Moderate,50.0
Tanker,16.57,9591.0,1700.8,Conventional (HFO/MGO),Moderate,283.2
Tanker,12.92,6173.7,1033.9,Methanol,Moderate,92.9
Container,12.87,7108.5,520.4,Ammonia,Calm,58.2
Panamax,18.64,5373.3,2034.5,Conventional (HFO/MGO),Calm,372.8
Feeder,10.64,1230.6,2171.4,Methanol,Calm,50.0
Feeder,13.98,2325.2,922.3,Methanol,Moderate,50.0
Ro-Ro,17.21,6262.1,907.6,Methanol,Moderate,108.9
Panamax,11.69,7040.7,740.5,Conventional (HFO/MGO),Moderate,50.0
Tanker,17.52,3253.7,198.7,Ammonia,Calm,50.0
Ro-Ro,15.93,3787.0,1780.8,LNG,Moderate,152.8
Tanker,11.35,8645.6,256.1,Ammonia,Moderate,50.0
Feeder,15.48,1437.3,1008.1,Hydrogen,Calm,50.0
Panamax,14.27,3999.5,664.2,Methanol,Calm,61.9
Ro-Ro,16.42,2456.2,1572.4,Ammonia,Moderate,159.2
Handymax,10.08,1545.7,1712.6,Conventional (HFO/MGO),Rough,50.0
Handymax,10.65,4042.2,1700.0,Hydrogen,Calm,50.0
Panamax,20.91,3654.8,538.5,Methanol,Calm,142.9
Container,20.71,11234.4,1979.7,Methanol,Moderate,824.4
Container,15.27,5565.9,2060.5,Methanol,Moderate,304.3
Handymax,14.84,3833.0,369.9,Methanol,Calm,50.0
Feeder,17.45,1046.8,555.9,Conventional (HFO/MGO),Moderate,50.0
Feeder,15.81,892.1,1568.3,Ammonia,Moderate,50.0
Feeder,15.75,2006.8,811.0,Ammonia,Moderate,50.0
Feeder,15.31,1649.1,1700.0,Methanol,Rough,58.9
Feeder,14.32,1755.3,1321.7,LNG,Calm,50.0
Tanker,15.27,7258.7,1626.4,Methanol,Moderate,226.6
Ro-Ro,15.84,5479.7,357.4,Hydrogen,Calm,50.0
Tanker,16.11,3267.9,1364.2,Ammonia,Calm,203.7
Tanker,15.34,6730.9,844.1,Ammonia,Calm,103.7
Feeder,14.16,1483.8,253.3,Hydrogen,Calm,50.0
Feeder,17.55,2114.4,631.4,LNG,Calm,50.0
Feeder,13.07,2454.0,1795.5,Ammonia,Calm,50.0
Tanker,13.62,2407.6,2042.8,Ammonia,Rough,218.4
Tanker,11.91,10266.7,1172.1,Methanol,Calm,96.1
Ro-Ro,18.46,3374.1,259.3,Ammonia,Rough,50.0
Feeder,15.14,1710.2,1010.5,Methanol,Calm,50.0
Ro-Ro,18.53,2216.7,614.7,LNG,Moderate,70.9
Handymax,15.07,2966.8,1433.6,Conventional (HFO/MGO),Rough,113.4
Tanker,18.12,10359.2,1444.1,Ammonia,Moderate,421.3
Container,12.18,11597.7,1350.5,Hydrogen,Moderate,114.6
Panamax,16.1,5451.8,1045.8,Conventional (HFO/MGO),Calm,135.0
Feeder,11.38,1367.2,752.6,Ammonia,Moderate,50.0
Feeder,17.6,1498.6,1570.2,Hydrogen,Calm,58.2
Panamax,11.31,6247.2,1540.5,Methanol,Moderate,87.3
Ro-Ro,14.56,1631.0,354.9,Hydrogen,Moderate,50.0
Handymax,15.02,4804.8,1844.9,Conventional (HFO/MGO),Moderate,130.3
Panamax,19.59,2680.5,2048.7,Hydrogen,Calm,335.4
Handymax,11.75,1218.7,1062.8,Conventional (HFO/MGO),Calm,50.0
Panamax,15.02,6513.0,1980.9,Methanol,Moderate,242.0
Ro-Ro,11.8,3678.4,2082.1,Ammonia,Rough,101.4
Tanker,14.11,8027.7,214.7,Hydrogen,Calm,50.0
Ro-Ro,16.99,3847.8,1967.6,LNG,Moderate,206.2
Panamax,13.71,5358.7,554.8,Hydrogen,Rough,54.4
Tanker,17.9,9676.8,618.1,Ammonia,Rough,168.4
Feeder,14.48,1659.3,741.5,Methanol,Calm,50.0
Container,21.77,9857.7,1218.0,Methanol,Calm,561.1
Container,21.05,5021.9,1619.1,LNG,Moderate,627.4
Panamax,13.91,8147.6,1645.3,Ammonia,Moderate,181.9
Panamax,20.93,4289.0,1818.5,Ammonia,Moderate,471.8
Tanker,13.55,6523.7,367.2,Ammonia,Calm,50.0
Ro-Ro,14.55,2777.5,1157.8,LNG,Moderate,72.7
Container,18.32,8033.5,1409.3,Conventional (HFO/MGO),Calm,381.9
Handymax,15.24,3905.1,1117.9,Methanol,Moderate,96.9
Feeder,16.4,2648.8,464.7,LNG,Moderate,50.0
Ro-Ro,13.15,5897.0,673.0,Hydrogen,Moderate,50.0
Handymax,17.88,5937.3,1943.4,LNG,Calm,242.6
Container,16.33,10759.0,1561.9,Conventional (HFO/MGO),Moderate,321.7
Ro-Ro,17.39,4023.1,1979.6,Ammonia,Calm,221.4
Container,22.69,4773.7,661.8,Hydrogen,Calm,255.4
Tanker,14.53,11912.4,174.9,LNG,Moderate,50.0
Tanker,13.2,6339.3,494.3,Ammonia,Moderate,52.4
Panamax,14.93,8228.9,155.5,Conventional (HFO/MGO),Calm,50.0
Feeder,12.18,1704.1,522.1,LNG,Moderate,50.0
Feeder,10.74,3064.3,508.7,Methanol,Moderate,50.0
Handymax,11.86,2270.6,1168.9,Hydrogen,Calm,50.0
Feeder,16.7,793.9,1958.3,Hydrogen,Moderate,59.5
Container,19.42,7440.9,1488.2,Hydrogen,Rough,490.7
Container,12.8,13381.8,1062.8,LNG,Moderate,128.8
Ro-Ro,12.46,6716.9,1969.2,Ammonia,Calm,113.2
Container,19.13,8557.3,682.5,LNG,Calm,215.9
Ro-Ro,16.74,3849.0,594.1,Conventional (HFO/MGO),Moderate,66.8
Ro-Ro,19.41,3558.3,1863.5,Methanol,Calm,262.4
Panamax,19.47,5309.9,1434.9,Ammonia,Calm,297.9
Ro-Ro,19.98,4751.8,275.7,Hydrogen,Moderate,50.0
Panamax,14.29,7063.4,526.8,LNG,Calm,50.0
Panamax,17.94,1855.7,208.0,Ammonia,Moderate,50.0
Ro-Ro,14.91,7509.2,740.0,Methanol,Moderate,78.4
Tanker,18.83,7912.6,1103.7,Ammonia,Calm,267.9
Container,14.44,6731.7,1098.7,Hydrogen,Moderate,133.9
Handymax,15.85,2498.3,912.0,Hydrogen,Calm,58.7
Handymax,13.94,2377.7,579.3,Methanol,Moderate,50.0
Container,20.44,7016.5,929.5,Conventional (HFO/MGO),Calm,330.8
Handymax,16.82,5709.8,1504.8,LNG,Calm,153.4
Tanker,14.73,5450.1,363.7,Methanol,Calm,50.0
Tanker,15.01,9445.7,224.3,Methanol,Moderate,50.0
Feeder,12.0,884.4,594.4,Conventional (HFO/MGO),Calm,50.0
Panamax,11.01,2965.5,341.8,Methanol,Moderate,50.0
Handymax,12.0,1426.0,2079.8,Methanol,Calm,70.9
Panamax,20.81,5553.0,1401.1,Conventional (HFO/MGO),Rough,411.8
Handymax,11.84,4190.7,1011.2,Ammonia,Calm,50.0
Panamax,20.97,4529.7,1480.0,Conventional (HFO/MGO),Rough,483.0
Handymax,15.11,4581.1,455.8,Ammonia,Moderate,50.0
Feeder,11.24,1383.5,1901.5,Methanol,Calm,50.0
Ro-Ro,11.07,2630.7,1532.0,Ammonia,Calm,50.0
Panamax,16.88,4429.3,1579.4,Hydrogen,Moderate,218.7
Tanker,17.94,7334.7,1117.2,Methanol,Calm,224.5
Tanker,10.1,9893.0,606.1,LNG,Moderate,50.0
Container,16.6,6433.3,1786.6,LNG,Rough,427.3
Tanker,16.99,3820.3,2022.4,Conventional (HFO/MGO),Moderate,367.8
Ro-Ro,11.11,2788.5,2023.7,Conventional (HFO/MGO),Moderate,61.7
Tanker,15.33,4057.2,1263.0,Conventional (HFO/MGO),Calm,144.7
Feeder,11.47,2013.6,1484.2,Methanol,Calm,50.0
Tanker,17.38,8677.5,1605.5,Methanol,Moderate,387.4
Panamax,13.78,2236.9,1392.8,Hydrogen,Calm,82.3
Handymax,14.94,2133.8,1401.3,Conventional (HFO/MGO),Moderate,90.4
Feeder,14.39,2276.4,1119.4,LNG,Moderate,50.0
Tanker,10.88,8633.8,1367.9,Ammonia,Calm,71.5
Feeder,16.2,2016.0,377.0,Conventional (HFO/MGO),Calm,50.0
Panamax,19.89,7286.9,1581.3,LNG,Calm,387.8
Ro-Ro,11.82,3687.4,631.1,Ammonia,Calm,50.0
Container,18.28,6318.5,439.6,Methanol,Calm,130.4
Feeder,13.02,2495.8,282.1,Hydrogen,Calm,50.0
Feeder,15.65,2429.8,160.2,Ammonia,Calm,50.0
Tanker,18.32,8117.8,1067.1,LNG,Moderate,226.0
Panamax,17.43,7479.5,659.8,Methanol,Rough,149.2
Ro-Ro,18.05,5533.5,1165.8,Hydrogen,Moderate,161.9
Tanker,12.43,6782.2,1055.9,LNG,Calm,73.5
Panamax,15.46,4749.8,523.0,LNG,Moderate,62.3
Panamax,20.64,7673.5,1633.3,Conventional (HFO/MGO),Rough,552.8
Container,18.72,9618.6,698.0,LNG,Calm,225.5
Panamax,18.81,6470.1,798.4,Hydrogen,Calm,136.3
Ro-Ro,19.27,6299.0,2027.9,Methanol,Rough,392.6
Feeder,10.38,934.0,950.1,Methanol,Calm,50.0
Tanker,11.76,11610.0,1709.7,Ammonia,Moderate,159.4
Container,19.11,4192.2,2072.3,LNG,Calm,491.6
Handymax,15.91,3366.2,1446.5,Hydrogen,Calm,98.9
Ro-Ro,13.46,2638.0,831.4,LNG,Calm,50.0
Feeder,11.54,1900.2,414.2,Conventional (HFO/MGO),Moderate,50.0
Feeder,17.21,975.3,238.1,Methanol,Moderate,50.0
Container,12.62,9858.3,921.9,Ammonia,Calm,93.2
Handymax,10.57,5600.4,1461.0,Ammonia,Moderate,50.0
Feeder,11.47,702.3,1377.0,Ammonia,Calm,50.0
Handymax,12.99,1537.1,266.7,Conventional (HFO/MGO),Rough,50.0
Ro-Ro,19.68,2512.5,1615.6,Ammonia,Moderate,281.4
Panamax,12.89,2090.5,1388.5,Conventional (HFO/MGO),Rough,94.4
Panamax,20.85,5939.3,232.4,Hydrogen,Rough,68.5
Ro-Ro,15.57,6647.3,677.5,Conventional (HFO/MGO),Moderate,62.6
Feeder,10.64,2344.8,1921.4,Conventional (HFO/MGO),Calm,50.0
Panamax,11.27,5784.7,1584.8,Conventional (HFO/MGO),Moderate,83.4
Panamax,11.94,2911.0,2060.2,Methanol,Moderate,119.0
Ro-Ro,16.84,7540.7,1004.2,Ammonia,Calm,133.4
Panamax,11.95,3850.9,1587.6,Conventional (HFO/MGO),Moderate,92.3
Ro-Ro,17.73,3386.9,176.6,Conventional (HFO/MGO),Calm,50.0
Tanker,17.31,8079.4,1575.9,LNG,Calm,288.7
Tanker,11.75,8621.7,1141.2,Hydrogen,Calm,85.5
Feeder,10.8,1159.9,421.7,Methanol,Rough,50.0
Panamax,14.22,7348.8,1304.1,LNG,Rough,138.8
Feeder,14.45,1667.5,1793.9,Conventional (HFO/MGO),Rough,55.3
Feeder,14.42,1458.6,1152.4,Ammonia,Calm,50.0
Feeder,12.47,2282.9,238.1,Conventional (HFO/MGO),Calm,50.0
Panamax,15.77,4238.6,617.6,Conventional (HFO/MGO),Calm,72.1
Handymax,11.26,5806.5,1369.3,Ammonia,Moderate,55.5
Container,21.02,7041.3,1243.4,Hydrogen,Calm,400.8
Container,12.37,5887.1,343.2,Hydrogen,Calm,50.0
Feeder,13.37,816.4,1038.4,Hydrogen,Calm,50.0
Ro-Ro,15.42,4127.1,2130.9,Methanol,Moderate,170.4
Tanker,10.24,9540.1,804.3,Methanol,Calm,50.0
Tanker,10.23,8156.3,296.7,Conventional (HFO/MGO),Rough,50.0
Container,18.78,5202.2,281.1,Methanol,Moderate,79.8
Feeder,12.49,734.9,1039.8,Conventional (HFO/MGO),Moderate,50.0
Container,21.32,6302.4,1890.0,Hydrogen,Moderate,605.9
Feeder,12.2,662.9,647.5,Ammonia,Calm,50.0
Handymax,17.95,2603.2,1217.6,Methanol,Calm,128.1
Handymax,10.93,3614.4,1527.4,Conventional (HFO/MGO),Moderate,50.0
Tanker,13.53,2262.9,388.0,Hydrogen,Calm,50.0
Panamax,14.56,5187.8,1135.2,Methanol,Moderate,112.2
Tanker,13.12,6681.2,1372.7,LNG,Calm,108.6
Container,19.12,4312.6,1054.1,Hydrogen,Rough,320.8
Tanker,11.47,6058.0,1019.9,Ammonia,Calm,63.0
Container,22.5,5152.7,1925.9,Methanol,Rough,1011.4
Container,19.54,7670.2,2086.3,LNG,Calm,581.7
Tanker,16.29,9792.9,208.1,Conventional (HFO/MGO),Moderate,50.0
Tanker,10.99,7535.7,1478.3,Conventional (HFO/MGO),Calm,81.8
Handymax,18.16,5865.6,1815.6,Methanol,Moderate,262.5
Tanker,10.91,7270.8,424.7,Methanol,Moderate,50.0
Handymax,12.09,4524.2,1762.9,LNG,Calm,72.6
Panamax,14.42,6544.8,975.4,Ammonia,Calm,105.3
Ro-Ro,18.91,6576.0,1834.3,Conventional (HFO/MGO),Moderate,294.6
Tanker,12.23,2607.6,1302.0,Ammonia,Calm,83.1
Handymax,15.37,2673.0,535.1,Conventional (HFO/MGO),Calm,50.0
Feeder,12.69,2601.4,1700.9,Ammonia,Calm,50.0
Feeder,14.47,602.4,221.9,Hydrogen,Rough,50.0
Panamax,20.02,1947.2,1773.3,Ammonia,Moderate,394.9
Handymax,12.59,4806.4,1775.7,Conventional (HFO/MGO),Moderate,81.8
Handymax,18.7,3583.9,1066.6,LNG,Moderate,140.8
Handymax,13.89,5168.2,2013.6,Methanol,Rough,158.6
Panamax,18.05,7835.9,1304.1,Methanol,Moderate,299.7
Ro-Ro,15.49,5364.9,155.1,LNG,Rough,50.0
Handymax,17.35,4641.9,1704.5,Conventional (HFO/MGO),Calm,188.3
Tanker,15.13,2005.1,1472.0,Methanol,Moderate,163.1
Ro-Ro,18.29,5215.7,720.1,Methanol,Rough,125.9
Feeder,17.77,3272.9,1698.5,Ammonia,Moderate,97.4
Feeder,16.12,1850.1,1929.9,Methanol,Calm,62.0
Ro-Ro,14.89,2295.0,464.7,Methanol,Moderate,50.0
Handymax,10.15,3762.1,487.0,Conventional (HFO/MGO),Moderate,50.0
Container,18.51,4529.8,772.3,LNG,Rough,245.2
Container,14.48,5568.2,1115.5,Ammonia,Moderate,165.9
Feeder,16.82,3118.3,1284.1,Conventional (HFO/MGO),Calm,53.3
Panamax,18.99,5387.6,2048.0,LNG,Moderate,420.1
Container,17.54,11083.3,528.1,Hydrogen,Rough,148.4
Ro-Ro,15.35,6958.1,778.9,Ammonia,Moderate,84.8
Panamax,15.46,3662.8,943.4,LNG,Moderate,97.0
Ro-Ro,11.66,5688.1,1773.6,Hydrogen,Calm,66.0
Handymax,17.21,3074.1,1142.6,Ammonia,Moderate,124.6
Handymax,12.95,5491.2,327.9,Ammonia,Calm,50.0
Container,21.71,11532.3,1048.5,Ammonia,Calm,481.4
Feeder,11.76,2845.3,158.2,Methanol,Calm,50.0
Container,14.48,10147.7,821.4,Conventional (HFO/MGO),Moderate,132.3
Tanker,16.25,4924.0,477.5,Hydrogen,Calm,57.5
Container,15.05,6728.8,1862.8,Hydrogen,Moderate,251.9
Ro-Ro,17.05,5713.5,539.0,Ammonia,Calm,74.1
Container,16.57,8054.6,276.7,Methanol,Moderate,53.2
Panamax,16.34,3791.3,211.9,Ammonia,Moderate,50.0
Handymax,16.8,3120.2,948.1,Conventional (HFO/MGO),Calm,93.2
Ro-Ro,12.89,3579.2,566.5,LNG,Calm,50.0
Container,16.59,10842.9,267.4,Conventional (HFO/MGO),Calm,55.3
Handymax,16.12,2550.5,1010.6,Ammonia,Calm,84.8
Tanker,15.18,5855.4,1402.2,LNG,Calm,180.0
Tanker,17.9,5491.5,1321.6,Hydrogen,Calm,252.5
Feeder,11.37,1621.7,1148.4,Hydrogen,Calm,50.0
Container,22.48,9689.5,931.9,LNG,Calm,417.2
Container,17.97,11221.8,1018.3,Conventional (HFO/MGO),Calm,279.9
Handymax,13.87,5893.4,650.3,Conventional (HFO/MGO),Moderate,50.0
Container,13.68,5580.3,1523.7,Conventional (HFO/MGO),Calm,151.3
Ro-Ro,17.83,6956.6,1696.4,Ammonia,Rough,310.5
Handymax,17.22,5686.5,1124.2,Hydrogen,Moderate,117.2
Ro-Ro,14.88,5990.5,1788.7,Ammonia,Rough,168.3
Container,20.33,11388.3,2009.1,Hydrogen,Moderate,738.8
Tanker,18.77,4040.1,1635.7,Conventional (HFO/MGO),Moderate,370.5
Container,14.08,12392.8,1197.1,LNG,Calm,163.4
Panamax,19.76,3581.3,560.6,LNG,Calm,105.6
Ro-Ro,17.76,4573.5,854.8,Methanol,Calm,119.9
Feeder,11.32,2971.6,820.2,Ammonia,Calm,50.0
Ro-Ro,18.11,4880.3,840.8,Conventional (HFO/MGO),Moderate,127.0
Container,22.57,10423.7,1826.5,Ammonia,Moderate,1194.9
Handymax,10.7,5241.7,2121.8,Hydrogen,Calm,59.7
Panamax,13.26,5578.6,2052.1,Ammonia,Rough,203.9
Tanker,16.28,4527.0,815.8,LNG,Calm,125.4
Feeder,15.22,2517.0,1745.6,Methanol,Calm,54.6
Feeder,11.65,1574.7,515.3,Conventional (HFO/MGO),Calm,50.0
Handymax,15.67,6165.6,1786.2,Hydrogen,Moderate,150.1
Tanker,10.55,5447.1,950.0,Methanol,Calm,50.0
Feeder,16.73,2851.8,1436.9,Hydrogen,Moderate,54.5
Container,17.99,4999.1,822.1,Hydrogen,Rough,181.8
Container,18.83,7433.9,1113.9,Methanol,Calm,328.2
Ro-Ro,11.36,5852.2,730.1,Hydrogen,Moderate,50.0
Container,18.69,11607.4,1192.1,Hydrogen,Moderate,334.8
Container,15.12,6470.6,719.3,LNG,Calm,96.1
Handymax,11.98,5482.3,1046.9,Hydrogen,Moderate,50.0
Feeder,10.23,2222.2,854.6,Methanol,Rough,50.0
Panamax,13.57,6264.8,1107.4,Methanol,Calm,91.9
Feeder,10.96,3497.3,995.2,Conventional (HFO/MGO),Calm,50.0
Feeder,13.35,2708.9,2024.9,Conventional (HFO/MGO),Moderate,50.0
Panamax,11.39,8905.6,1891.3,Ammonia,Rough,139.5
Container,19.3,7352.3,1222.5,Conventional (HFO/MGO),Rough,372.9
Ro-Ro,14.6,2147.6,544.2,LNG,Calm,50.0
Ro-Ro,15.77,3996.0,1520.4,Hydrogen,Moderate,134.8
Container,21.02,7308.5,1122.8,Methanol,Rough,508.9
Container,15.35,7379.5,1266.9,LNG,Moderate,195.7
Handymax,17.8,3099.2,2042.0,LNG,Calm,223.3
Panamax,19.29,2488.6,2015.4,Methanol,Moderate,367.1
Panamax,11.36,4781.4,690.3,Methanol,Calm,50.0
Handymax,10.84,1550.6,530.6,Methanol,Calm,50.0
Ro-Ro,18.94,2942.5,336.8,Conventional (HFO/MGO),Rough,59.6
Feeder,17.67,3344.2,1615.6,Methanol,Calm,76.3
Panamax,20.47,2278.4,961.7,Ammonia,Calm,208.8
Feeder,12.19,1665.6,335.2,Hydrogen,Moderate,50.0
Panamax,12.43,7704.6,447.2,Methanol,Moderate,50.0
Container,14.23,2925.8,435.8,Conventional (HFO/MGO),Moderate,50.0
Handymax,13.97,3990.0,630.2,Conventional (HFO/MGO),Calm,50.0
Handymax,14.2,6450.3,2192.3,LNG,Rough,179.7
Ro-Ro,13.91,2731.2,179.0,Conventional (HFO/MGO),Calm,50.0
Ro-Ro,12.62,5410.2,882.1,LNG,Rough,55.5
Panamax,12.84,5366.2,462.6,Methanol,Calm,50.0
Panamax,12.72,8494.3,238.2,LNG,Moderate,50.0
Container,16.98,3782.7,1628.6,LNG,Calm,302.1
Handymax,18.12,5023.0,2091.1,LNG,Moderate,262.9
Container,21.96,8521.8,877.9,Methanol,Moderate,439.9
Ro-Ro,14.53,3605.3,1886.0,Conventional (HFO/MGO),Calm,145.5
Tanker,16.78,3082.3,2045.5,Methanol,Moderate,327.7
Container,14.92,6907.3,1620.9,LNG,Rough,305.3
Panamax,15.49,6900.4,1891.8,Methanol,Calm,224.3
Feeder,16.4,3407.1,1592.5,LNG,Calm,58.8
Panamax,18.89,3400.4,1575.2,Conventional (HFO/MGO),Rough,341.0
Ro-Ro,16.82,4285.8,508.4,LNG,Calm,54.2
Handymax,15.17,2112.5,1073.9,Hydrogen,Calm,64.2
Panamax,14.1,5689.0,2042.6,Hydrogen,Moderate,171.4
Feeder,11.43,982.7,1717.9,Conventional (HFO/MGO),Moderate,50.0
Feeder,12.59,2355.0,1424.7,LNG,Moderate,50.0
Handymax,15.93,4210.6,777.0,LNG,Rough,77.9
Tanker,16.55,11187.1,1213.1,Hydrogen,Calm,232.5
Tanker,14.5,8142.9,699.1,Hydrogen,Moderate,72.4
Tanker,14.35,11530.0,1786.3,LNG,Rough,297.0
Handymax,11.37,3997.6,1132.5,Ammonia,Moderate,50.0
Container,18.89,7587.2,1196.2,Hydrogen,Moderate,337.6
Feeder,16.85,2686.0,1781.2,Methanol,Calm,73.4
Ro-Ro,14.45,4636.3,673.2,Conventional (HFO/MGO),Calm,50.0
Ro-Ro,14.74,3199.9,1252.6,Methanol,Calm,99.9
Ro-Ro,11.06,6483.1,295.7,Methanol,Moderate,50.0
Container,15.08,12432.1,962.5,Methanol,Moderate,171.9
Ro-Ro,14.64,4404.3,1092.1,Conventional (HFO/MGO),Rough,89.0
Panamax,13.95,7481.2,1288.9,Ammonia,Moderate,141.7
Tanker,18.09,9367.2,411.1,Hydrogen,Moderate,90.2
Handymax,17.26,1841.5,424.5,Ammonia,Calm,50.0
Panamax,18.24,5135.1,1863.6,Conventional (HFO/MGO),Calm,313.1
Tanker,17.96,4080.0,359.8,Conventional (HFO/MGO),Calm,77.6
Tanker,15.53,7969.5,1689.7,Conventional (HFO/MGO),Calm,241.6
Container,14.23,9113.0,881.2,Methanol,Calm,121.9
Container,14.04,8918.3,295.9,Methanol,Rough,50.0
Handymax,10.13,3039.2,463.3,Conventional (HFO/MGO),Calm,50.0
Ro-Ro,12.59,4517.3,674.4,Hydrogen,Rough,50.0
Handymax,16.96,1649.2,502.3,Hydrogen,Calm,50.0
Container,20.61,12075.0,1126.4,Hydrogen,Moderate,493.4
Handymax,17.69,1408.1,551.3,LNG,Moderate,51.6
Panamax,12.87,5621.4,1884.7,Conventional (HFO/MGO),Calm,135.0
Container,22.52,5078.5,2116.3,Methanol,Rough,1102.9
Container,19.54,7313.5,1017.0,Ammonia,Moderate,341.7
Feeder,17.99,1748.4,1804.2,Hydrogen,Rough,80.6
Tanker,13.64,8853.9,742.7,Conventional (HFO/MGO),Moderate,79.7
Tanker,15.54,3645.7,1988.0,LNG,Calm,259.2
Tanker,18.95,8205.6,322.9,LNG,Calm,80.9
Ro-Ro,18.29,4179.0,1061.9,Methanol,Moderate,167.5
Panamax,15.72,6939.8,2194.5,Hydrogen,Calm,249.5
Panamax,16.54,3803.2,2077.0,Conventional (HFO/MGO),Moderate,273.8
Tanker,12.33,8557.9,156.3,Hydrogen,Moderate,50.0
Ro-Ro,18.68,4140.5,1839.7,Hydrogen,Moderate,300.8
Ro-Ro,12.81,4485.4,270.5,Conventional (HFO/MGO),Moderate,50.0
Panamax,12.02,7614.2,288.6,Ammonia,Moderate,50.0
Ro-Ro,11.16,1539.7,1198.1,Conventional (HFO/MGO),Moderate,50.0
Feeder,14.55,1162.3,1646.9,Conventional (HFO/MGO),Rough,50.0
Handymax,14.68,5628.1,525.0,Ammonia,Calm,50.0
Container,21.82,10545.4,2102.0,Conventional (HFO/MGO),Calm,918.0
Container,14.67,8868.7,1501.9,Hydrogen,Rough,249.5
Handymax,15.3,1903.8,1035.5,Methanol,Calm,72.3
Handymax,11.49,4034.6,497.9,Methanol,Moderate,50.0
Ro-Ro,11.24,4323.2,806.2,Ammonia,Calm,50.0
Feeder,17.32,1549.1,466.2,Ammonia,Moderate,50.0
Container,20.36,7381.7,1489.5,LNG,Calm,447.0
Container,20.32,4558.5,1745.5,Conventional (HFO/MGO),Moderate,668.8
Container,15.0,6896.0,1370.9,Conventional (HFO/MGO),Rough,234.4
Handymax,11.47,2982.1,257.2,Ammonia,Moderate,50.0
Container,20.53,8788.8,178.6,LNG,Calm,65.7
Panamax,12.8,6217.9,618.3,LNG,Moderate,50.0
Container,13.52,4673.9,211.2,Conventional (HFO/MGO),Calm,50.0
Ro-Ro,14.35,5285.3,1313.1,Ammonia,Moderate,117.2
Panamax,14.02,2094.3,795.1,LNG,Rough,71.6
Container,17.04,6060.9,1153.2,Conventional (HFO/MGO),Moderate,239.0
Feeder,17.79,2529.5,1503.9,Ammonia,Moderate,74.8
Ro-Ro,16.26,1651.7,1840.2,Conventional (HFO/MGO),Calm,143.3
Handymax,18.72,2039.6,460.2,LNG,Calm,50.0
Tanker,12.12,11093.9,721.2,Ammonia,Moderate,72.6
Tanker,15.89,7548.7,637.6,Methanol,Moderate,105.0
Handymax,15.72,5410.1,645.1,Methanol,Rough,72.1
Panamax,12.12,3876.4,1243.9,Hydrogen,Moderate,68.0
Panamax,12.07,3336.9,883.1,Ammonia,Moderate,50.0
Panamax,18.71,1720.7,1082.8,Ammonia,Moderate,179.0
Feeder,13.18,1588.0,534.8,Conventional (HFO/MGO),Moderate,50.0
Ro-Ro,15.64,7215.5,400.1,Methanol,Calm,50.0
Container,15.28,11347.7,652.8,Methanol,Calm,124.9
Tanker,17.66,9440.1,1293.7,Hydrogen,Moderate,279.2
Tanker,14.96,8164.9,800.1,LNG,Moderate,96.5
Container,12.99,8795.7,1924.7,Methanol,Calm,213.7
Tanker,10.27,11900.7,1161.6,Conventional (HFO/MGO),Calm,65.9
Ro-Ro,13.27,5464.0,731.7,Ammonia,Calm,50.0
Panamax,17.76,3202.4,1679.5,Conventional (HFO/MGO),Moderate,242.9
Handymax,16.33,5952.7,647.4,Conventional (HFO/MGO),Calm,60.7
Feeder,15.28,2814.1,226.2,Conventional (HFO/MGO),Moderate,50.0
Container,21.64,3962.4,896.6,LNG,Moderate,321.8
Panamax,11.79,5322.4,304.4,Ammonia,Moderate,50.0
Tanker,18.83,8851.4,1726.6,Ammonia,Moderate,542.7
Feeder,17.07,1165.1,1168.3,Hydrogen,Moderate,50.0
Handymax,18.8,3286.1,522.7,LNG,Calm,62.4
Handymax,18.31,6430.3,1486.0,Hydrogen,Moderate,181.9
Tanker,11.96,3421.3,2145.2,Ammonia,Rough,193.5
Feeder,13.74,1375.5,737.9,Hydrogen,Calm,50.0
Container,17.63,4467.4,2074.2,Methanol,Moderate,454.5
Container,18.85,10554.8,828.4,Conventional (HFO/MGO),Calm,236.4
Handymax,14.02,2764.6,706.1,LNG,Moderate,50.0
Tanker,16.21,3406.8,602.9,LNG,Calm,77.3
Feeder,10.31,1255.1,2189.3,Methanol,Rough,50.0
Ro-Ro,15.17,7004.2,1795.4,LNG,Calm,143.5
Ro-Ro,18.94,2287.1,1327.3,Ammonia,Calm,193.3
Ro-Ro,15.09,2131.7,1337.5,Ammonia,Calm,110.6
Tanker,17.87,5027.5,472.9,LNG,Calm,97.6
Tanker,15.94,3138.3,378.3,LNG,Calm,50.0
Ro-Ro,19.5,1898.0,1708.1,Ammonia,Moderate,294.2
Panamax,19.57,7045.9,1116.8,Methanol,Calm,266.3
Ro-Ro,14.6,5878.9,970.4,Ammonia,Moderate,87.9
Tanker,18.8,5554.9,851.7,Hydrogen,Calm,165.3
Tanker,10.78,5423.2,493.1,LNG,Calm,50.0
Handymax,15.51,5986.1,1312.2,LNG,Calm,116.2
Handymax,14.56,2072.8,1065.9,Methanol,Moderate,69.0
Tanker,10.63,5631.4,1798.8,Hydrogen,Calm,91.2
Ro-Ro,13.85,7463.2,853.7,Methanol,Calm,63.6
Handymax,16.14,1437.8,419.0,Hydrogen,Moderate,50.0
Feeder,16.23,1286.2,296.8,LNG,Calm,50.0
Container,21.56,3463.7,553.2,Hydrogen,Moderate,169.2
Panamax,20.24,5087.3,1001.0,Methanol,Rough,281.8
Tanker,14.51,6030.1,2040.0,Ammonia,Moderate,241.1
Ro-Ro,16.93,4590.0,589.4,LNG,Moderate,60.9
Panamax,11.04,5015.4,162.4,LNG,Calm,50.0
Handymax,12.48,4708.6,782.7,Conventional (HFO/MGO),Rough,50.0
Panamax,20.67,7155.3,803.7,Methanol,Moderate,230.2
Feeder,13.93,747.1,712.2,Hydrogen,Rough,50.0
Panamax,12.88,4667.0,1877.4,Conventional (HFO/MGO),Moderate,123.9
Feeder,10.37,1995.4,1820.3,LNG,Moderate,50.0
Ro-Ro,14.93,4642.5,1210.9,Methanol,Moderate,97.5
Handymax,13.85,1276.4,634.6,Ammonia,Moderate,50.0
Tanker,16.43,4197.2,1513.1,Methanol,Moderate,243.8
Panamax,12.79,4780.7,1763.0,Methanol,Rough,158.7
Feeder,15.46,2772.4,831.0,LNG,Moderate,50.0
Handymax,11.11,1948.8,1951.8,Conventional (HFO/MGO),Calm,52.4
Ro-Ro,14.55,3088.2,432.7,Methanol,Moderate,50.0
Ro-Ro,12.82,5495.7,1801.5,Hydrogen,Calm,78.4
Feeder,13.7,2464.7,197.7,Ammonia,Calm,50.0
Feeder,12.17,2870.5,1507.5,Ammonia,Calm,50.0
Handymax,13.98,4249.6,1038.5,LNG,Calm,61.7
Panamax,16.19,5148.3,604.9,Methanol,Moderate,82.6
Tanker,11.35,6774.7,1385.5,LNG,Calm,71.9
Feeder,10.87,2646.1,957.4,Ammonia,Rough,50.0
Tanker,13.98,4979.7,1568.6,LNG,Moderate,162.3
Tanker,18.0,10007.0,1172.6,Methanol,Calm,308.1
Tanker,16.39,6577.3,1952.8,Ammonia,Calm,328.1
Handymax,11.09,3721.2,944.2,LNG,Rough,50.0
Feeder,15.99,2203.0,2036.8,Ammonia,Calm,67.8
Ro-Ro,18.92,4056.5,849.8,LNG,Calm,121.2
Panamax,13.87,7255.6,1441.1,Hydrogen,Moderate,126.3
Handymax,11.38,3191.7,1634.9,Hydrogen,Moderate,50.5
Handymax,10.48,4057.0,2166.8,Ammonia,Moderate,64.8
Feeder,16.26,2173.4,1566.8,Methanol,Calm,50.2
Container,22.79,5351.2,635.2,LNG,Rough,320.8
Feeder,15.72,981.0,476.1,LNG,Moderate,50.0
Panamax,11.09,3970.9,802.4,LNG,Calm,50.0
Container,12.78,5443.6,1939.3,Hydrogen,Moderate,156.7
Feeder,11.67,2548.5,2023.7,Methanol,Rough,50.0
Container,13.77,6240.7,832.3,LNG,Moderate,97.9
Panamax,12.03,1644.0,1902.6,Ammonia,Moderate,92.7
Container,14.46,4686.0,1115.9,Methanol,Calm,156.5
Handymax,15.97,4880.9,491.6,LNG,Calm,50.0
Container,19.16,10661.1,975.8,Hydrogen,Calm,299.2
Feeder,15.81,1072.7,747.1,LNG,Moderate,50.0
Handymax,13.94,6081.3,1871.9,Hydrogen,Rough,132.5
Panamax,17.09,4931.2,810.3,Hydrogen,Moderate,113.1
Feeder,16.81,830.0,1225.8,Conventional (HFO/MGO),Moderate,50.0
Handymax,11.71,5445.7,1714.1,Ammonia,Calm,67.2
Panamax,14.98,3173.0,2197.7,LNG,Calm,201.2
Tanker,18.82,4565.0,1014.5,Conventional (HFO/MGO),Moderate,280.1
Container,15.02,7673.0,1276.7,Ammonia,Moderate,211.0
Container,13.77,5299.7,447.1,Conventional (HFO/MGO),Rough,57.2
Tanker,13.22,5052.0,1181.5,Hydrogen,Calm,103.3
Panamax,16.06,7899.6,607.8,Methanol,Moderate,90.2
Feeder,15.74,1188.5,1341.8,LNG,Calm,50.0
Tanker,13.72,8271.4,1003.4,Ammonia,Rough,129.6
Ro-Ro,17.83,3799.5,896.9,Methanol,Rough,145.4
Feeder,15.15,2587.0,1916.7,Hydrogen,Moderate,53.1
Ro-Ro,16.53,6022.6,1073.6,Conventional (HFO/MGO),Calm,112.9
Container,21.2,4048.8,1404.9,Methanol,Moderate,498.0
Feeder,17.41,2043.5,1721.7,Conventional (HFO/MGO),Calm,67.2
Ro-Ro,13.76,3817.2,1286.3,Hydrogen,Moderate,69.9
Container,14.35,13067.0,2152.0,Methanol,Calm,367.5
Container,17.26,12594.5,1175.1,LNG,Calm,288.3
Tanker,17.58,6971.8,1304.1,LNG,Calm,249.5
Panamax,19.35,8250.5,1140.8,LNG,Rough,318.1
Feeder,10.7,1737.4,595.5,Hydrogen,Calm,50.0
Handymax,15.31,3667.2,768.6,LNG,Rough,63.0
Container,16.57,8628.9,1653.7,Conventional (HFO/MGO),Calm,335.4
Panamax,14.32,6185.2,1432.6,Conventional (HFO/MGO),Moderate,141.5
Ro-Ro,11.44,2475.8,158.8,Conventional (HFO/MGO),Moderate,50.0
Handymax,13.46,1316.7,1531.5,Hydrogen,Calm,58.9
Panamax,16.3,8243.4,1323.6,Conventional (HFO/MGO),Moderate,202.2
Ro-Ro,17.07,6330.0,2147.2,Conventional (HFO/MGO),Calm,259.8
Ro-Ro,15.89,2840.9,502.9,Hydrogen,Calm,50.0
Handymax,10.18,1450.0,2056.3,Conventional (HFO/MGO),Calm,50.0
Tanker,12.21,9701.6,2017.5,Methanol,Calm,149.8
Panamax,11.38,3474.2,401.5,LNG,Calm,50.0
Tanker,10.93,5844.1,1056.7,Conventional (HFO/MGO),Calm,52.3
Handymax,12.12,5041.2,2026.6,Conventional (HFO/MGO),Calm,81.2
Ro-Ro,16.64,2778.5,370.8,Hydrogen,Calm,50.0
Panamax,13.93,4002.8,685.7,Conventional (HFO/MGO),Moderate,58.9
Feeder,11.61,847.1,1834.8,Methanol,Moderate,50.0
Handymax,17.24,4808.3,1945.4,LNG,Moderate,203.7
Ro-Ro,12.75,5765.1,1349.4,Methanol,Calm,77.6
Tanker,10.45,4623.0,1933.2,LNG,Rough,102.6
Handymax,17.88,5591.2,1912.4,Ammonia,Calm,250.5
Tanker,16.48,4106.7,1649.4,Methanol,Rough,338.7
Tanker,13.41,4317.3,380.2,Ammonia,Moderate,50.0
Tanker,15.48,4656.8,1069.1,LNG,Rough,161.3
Tanker,15.25,11917.4,644.9,Hydrogen,Calm,105.6
Ro-Ro,16.52,5465.4,837.7,Methanol,Calm,87.4
Feeder,12.36,1041.4,727.6,Ammonia,Calm,50.0
Panamax,14.45,4651.6,232.1,Hydrogen,Rough,50.0
Ro-Ro,11.78,5658.8,1920.8,LNG,Calm,81.6
Container,18.63,11243.8,1047.4,Conventional (HFO/MGO),Calm,293.0
Panamax,13.47,2957.9,883.5,Hydrogen,Moderate,62.5
Ro-Ro,18.46,2951.9,846.4,Hydrogen,Calm,96.8
Ro-Ro,13.68,1788.7,1633.0,Methanol,Moderate,91.3
Ro-Ro,19.22,6420.2,1498.4,LNG,Moderate,267.4
Panamax,16.96,4800.0,895.7,Ammonia,Moderate,145.1
Feeder,11.14,2760.4,1963.2,Conventional (HFO/MGO),Rough,50.0
Handymax,17.45,2715.3,447.9,Hydrogen,Rough,50.0
Container,19.15,10436.0,674.0,Methanol,Moderate,265.2
Container,14.41,10603.1,1756.0,Ammonia,Calm,263.4
Feeder,10.69,1057.8,1083.8,Hydrogen,Rough,50.0
Handymax,18.81,3711.3,1039.2,LNG,Calm,133.4
Panamax,17.88,2094.0,1547.7,LNG,Calm,224.2
Ro-Ro,15.97,5484.4,877.0,Conventional (HFO/MGO),Calm,76.9
Container,14.94,9837.1,829.0,Ammonia,Calm,136.1
Panamax,11.31,8711.6,452.9,Methanol,Calm,50.0
Tanker,17.07,2458.5,2061.6,Methanol,Moderate,378.6
Panamax,20.28,6127.2,882.5,Ammonia,Calm,235.2
Panamax,18.32,2461.3,1851.5,Methanol,Calm,320.8
Ro-Ro,12.16,6796.0,1828.3,Conventional (HFO/MGO),Moderate,90.8
Handymax,17.44,3130.6,1251.7,LNG,Calm,121.9
Feeder,15.98,1018.9,2059.9,Methanol,Moderate,63.1
Feeder,11.54,752.5,1554.9,Hydrogen,Calm,50.0
Ro-Ro,11.5,6782.5,1782.1,Hydrogen,Calm,70.6
Ro-Ro,16.69,1752.4,2086.2,Conventional (HFO/MGO),Calm,182.7
Feeder,11.68,1682.3,1324.8,Conventional (HFO/MGO),Rough,50.0
Feeder,12.8,1725.2,1961.9,Conventional (HFO/MGO),Rough,50.0
Ro-Ro,14.71,6373.7,790.9,Conventional (HFO/MGO),Moderate,77.7
Tanker,17.74,4004.1,2126.9,LNG,Calm,362.9
Container,13.88,7265.5,381.1,LNG,Moderate,50.0
Handymax,17.07,4375.7,357.3,Methanol,Moderate,50.0
Ro-Ro,11.99,6894.2,510.9,LNG,Calm,50.0
Container,16.88,5595.0,1030.3,Methanol,Moderate,238.7
Tanker,12.76,3585.4,2106.9,Ammonia,Moderate,152.4
Handymax,14.67,3103.1,1871.2,Ammonia,Moderate,134.1
Panamax,14.69,1606.7,2121.7,Hydrogen,Moderate,167.3
Handymax,14.96,2808.2,2141.7,Methanol,Moderate,158.8
Feeder,12.3,880.2,868.0,Methanol,Calm,50.0
Panamax,14.03,4196.8,1524.2,Ammonia,Calm,142.1
Panamax,12.01,3057.7,2062.1,LNG,Calm,99.4
Tanker,11.75,9033.9,453.5,Conventional (HFO/MGO),Calm,50.0
Handymax,12.93,1815.2,2163.6,Ammonia,Moderate,90.5
Ro-Ro,17.28,3553.6,814.9,Hydrogen,Moderate,87.4
Handymax,15.12,2832.0,1153.5,Ammonia,Moderate,90.0
Container,18.43,2905.7,1318.2,Hydrogen,Moderate,294.9
Feeder,14.6,1740.0,1239.9,Methanol,Calm,50.0
Handymax,14.93,4194.1,268.0,Ammonia,Moderate,50.0
Panamax,11.47,6918.4,738.1,Hydrogen,Moderate,50.0
Tanker,13.96,8685.1,1391.5,LNG,Calm,136.0
Panamax,17.42,6224.9,171.3,LNG,Moderate,50.0
Container,12.65,6201.0,1013.6,Hydrogen,Calm,84.7
Feeder,10.91,2572.3,688.3,Conventional (HFO/MGO),Moderate,50.0
Panamax,14.91,6700.6,1757.1,Methanol,Calm,177.1
Ro-Ro,14.91,2769.5,1960.9,Conventional (HFO/MGO),Calm,152.8
Panamax,13.89,2898.7,2019.3,LNG,Moderate,148.6
Ro-Ro,14.77,1698.5,1233.2,Hydrogen,Calm,74.6
Tanker,12.31,10962.1,1497.2,Hydrogen,Moderate,123.8
Container,15.98,7671.7,1207.6,Ammonia,Rough,273.2
Tanker,16.79,5952.5,1928.5,Methanol,Calm,373.6
Ro-Ro,14.79,1485.1,293.2,Methanol,Calm,50.0
Feeder,14.37,995.6,1245.6,Ammonia,Rough,50.0
Panamax,20.01,7066.2,260.1,Conventional (HFO/MGO),Moderate,69.5
Tanker,16.83,6290.5,999.8,Conventional (HFO/MGO),Rough,188.6
Ro-Ro,16.54,6542.5,1278.5,Conventional (HFO/MGO),Rough,179.0
Container,14.18,12054.0,2193.4,Conventional (HFO/MGO),Calm,320.9
Ro-Ro,11.58,1783.9,1972.1,Hydrogen,Moderate,59.4
Ro-Ro,13.9,7400.4,762.4,Hydrogen,Calm,51.5
Feeder,17.17,1136.5,2102.2,Hydrogen,Moderate,75.8
Feeder,13.05,2327.0,1462.7,Ammonia,Moderate,50.0
Handymax,10.61,2079.1,2105.7,Hydrogen,Rough,57.1
Panamax,14.82,6461.9,1693.4,Conventional (HFO/MGO),Calm,191.4
Panamax,15.93,3134.0,259.0,Conventional (HFO/MGO),Calm,50.0
Handymax,18.39,3456.0,997.2,Hydrogen,Calm,95.0
Container,20.21,11774.8,1945.5,LNG,Calm,752.3
Panamax,11.38,6896.3,1275.4,LNG,Moderate,70.4
Handymax,18.95,3432.0,1925.4,Ammonia,Calm,239.1
Ro-Ro,18.33,6795.4,1099.2,Ammonia,Moderate,191.0
Handymax,11.03,4905.2,1432.2,Conventional (HFO/MGO),Moderate,50.0
Container,16.36,6373.7,1390.8,Hydrogen,Moderate,233.6
Container,20.0,10699.0,1852.2,Methanol,Calm,721.6
Ro-Ro,11.67,5945.7,1618.9,Methanol,Moderate,79.8
Panamax,13.02,3844.7,990.6,LNG,Moderate,61.3
Handymax,11.57,3204.3,474.7,Hydrogen,Moderate,50.0
Handymax,17.13,4420.5,761.7,Methanol,Calm,81.0
Container,13.06,12588.7,1200.9,Methanol,Moderate,165.2
Panamax,14.33,3749.3,1313.2,LNG,Moderate,118.4
Ro-Ro,12.98,1960.6,1759.9,Ammonia,Rough,93.0
Feeder,12.01,821.4,1832.6,Conventional (HFO/MGO),Moderate,50.0
Handymax,12.27,4428.5,212.9,Methanol,Moderate,50.0
Tanker,12.99,10332.1,1616.9,Hydrogen,Calm,158.3
Container,15.18,4137.6,467.7,Hydrogen,Calm,57.5
Container,13.94,9240.0,726.1,Hydrogen,Calm,80.8
Handymax,18.64,3861.0,236.2,Hydrogen,Calm,50.0
Ro-Ro,11.76,6812.3,1356.5,Ammonia,Moderate,61.8
Container,20.55,3519.4,1873.6,Conventional (HFO/MGO),Moderate,575.2
Panamax,11.27,2485.6,1785.5,Ammonia,Moderate,80.3
Container,18.86,5205.5,424.0,Hydrogen,Rough,129.6
Container,15.0,4935.8,1368.9,Methanol,Moderate,195.1
Ro-Ro,13.64,4580.8,169.1,Ammonia,Moderate,50.0
Panamax,12.69,7699.7,1825.4,Methanol,Rough,167.5
Feeder,11.98,1566.4,661.1,Ammonia,Calm,50.0
Feeder,13.15,2173.5,1863.9,LNG,Moderate,50.0
Ro-Ro,18.35,1838.6,691.6,Conventional (HFO/MGO),Calm,83.9
Container,19.17,5731.5,1084.3,LNG,Moderate,285.3
Container,19.05,7642.1,304.3,Methanol,Moderate,86.4
Tanker,11.4,5980.5,786.3,Conventional (HFO/MGO),Moderate,52.0
Feeder,12.29,2090.1,1788.4,Hydrogen,Calm,50.0
Ro-Ro,19.96,6826.4,603.1,Methanol,Moderate,112.4
Tanker,15.99,6006.9,1255.4,Conventional (HFO/MGO),Moderate,195.3
Container,16.03,3278.5,924.9,Hydrogen,Rough,181.2
Container,19.57,13589.8,2011.3,Conventional (HFO/MGO),Moderate,804.3
Ro-Ro,18.34,7111.9,1828.6,Methanol,Moderate,331.3
Container,17.49,8691.6,1901.0,Conventional (HFO/MGO),Moderate,489.7
Handymax,16.33,1248.7,1433.5,Hydrogen,Calm,99.1
Tanker,17.41,9541.0,2095.0,Conventional (HFO/MGO),Rough,571.0
Ro-Ro,18.91,6096.4,1935.7,Conventional (HFO/MGO),Calm,316.3
Container,13.91,5938.8,1084.8,Ammonia,Calm,124.3
Tanker,17.89,9298.7,733.4,Ammonia,Calm,170.1
Handymax,10.05,4940.4,2193.2,Methanol,Moderate,57.8
Ro-Ro,11.86,3303.4,1179.4,LNG,Calm,50.0
Feeder,11.8,666.4,228.4,Ammonia,Calm,50.0
Panamax,19.87,5664.7,976.4,Ammonia,Calm,224.8
Ro-Ro,18.83,4715.0,613.7,LNG,Calm,91.5
Handymax,10.45,1261.7,525.1,Ammonia,Moderate,50.0
Ro-Ro,14.22,1784.6,1905.1,Hydrogen,Calm,95.7
Feeder,10.67,968.1,1790.8,Methanol,Moderate,50.0
Tanker,16.56,2530.8,388.8,LNG,Moderate,50.0
Panamax,14.75,2016.5,1252.0,Ammonia,Moderate,116.4
Container,14.18,10509.4,1862.1,Methanol,Calm,237.6
Panamax,12.29,3953.4,1380.7,Ammonia,Calm,79.4
Handymax,18.57,3440.2,1713.5,LNG,Calm,201.0
Container,12.0,2937.0,897.0,Ammonia,Moderate,62.9
Tanker,12.86,4751.8,161.1,Conventional (HFO/MGO),Moderate,50.0
Feeder,15.13,2730.3,690.1,LNG,Calm,50.0
Panamax,12.91,3118.9,1062.3,Ammonia,Calm,72.8
Ro-Ro,16.76,5517.3,1482.8,Conventional (HFO/MGO),Moderate,192.1
Ro-Ro,17.6,5906.4,1628.0,Ammonia,Calm,209.0
Tanker,10.87,5610.2,238.4,Methanol,Calm,50.0
Feeder,14.49,1655.1,1319.6,Hydrogen,Rough,50.0
Container,17.06,6671.8,1582.0,Hydrogen,Rough,393.5
Container,16.71,6485.2,2180.8,LNG,Moderate,439.6
Tanker,13.88,2752.4,1232.0,LNG,Moderate,126.6
Ro-Ro,17.55,5429.0,688.2,Conventional (HFO/MGO),Moderate,81.6
Feeder,11.09,1067.6,1146.2,Ammonia,Calm,50.0
Handymax,11.34,3691.7,2179.0,Hydrogen,Moderate,68.6
Panamax,17.77,4649.5,744.3,Conventional (HFO/MGO),Calm,117.5
Container,20.25,6067.1,1377.3,Conventional (HFO/MGO),Calm,431.3
Container,19.65,4989.5,1044.5,Methanol,Calm,315.5
Panamax,12.46,5470.2,382.5,Methanol,Moderate,50.0
Panamax,15.34,7410.8,1154.4,Methanol,Moderate,140.4
Handymax,10.68,3487.9,1520.8,LNG,Moderate,50.0
Tanker,11.6,2757.2,1773.0,Hydrogen,Calm,100.1
Panamax,20.64,6237.1,926.2,Ammonia,Moderate,266.2
Handymax,13.21,6046.0,2035.5,Methanol,Moderate,137.2
Tanker,12.21,10895.2,433.7,Methanol,Calm,50.0
Ro-Ro,18.55,1817.9,1792.2,Methanol,Calm,209.7
Ro-Ro,12.99,5399.8,202.9,Methanol,Calm,50.0
Container,19.22,11199.1,271.6,LNG,Moderate,93.6
Ro-Ro,11.78,6967.2,1299.5,LNG,Moderate,59.6
Panamax,19.91,6981.8,2053.5,LNG,Rough,649.1
Container,20.76,11810.3,1471.0,Conventional (HFO/MGO),Calm,567.6
Ro-Ro,15.5,4937.5,481.8,LNG,Moderate,50.0
Feeder,16.79,1438.6,1604.3,Hydrogen,Calm,50.0
Feeder,11.22,2260.5,1187.0,Ammonia,Moderate,50.0
Tanker,15.4,3847.2,925.9,Methanol,Rough,148.8
Container,14.03,12281.2,1337.0,Methanol,Calm,196.5
Panamax,15.69,7173.2,927.0,Methanol,Calm,113.0
Handymax,16.42,5839.8,2006.5,Conventional (HFO/MGO),Rough,263.6
Handymax,15.74,5782.6,1640.5,LNG,Moderate,147.8
Tanker,18.27,8105.7,1038.0,Hydrogen,Calm,197.8
Feeder,13.78,1674.9,1460.8,Methanol,Moderate,50.0
Tanker,13.23,6552.8,571.6,Ammonia,Moderate,60.8
Panamax,18.04,3847.0,569.2,Ammonia,Calm,99.9
Panamax,15.63,6881.3,1937.6,LNG,Moderate,248.7
Container,21.65,5888.1,413.2,Conventional (HFO/MGO),Rough,204.4
Handymax,15.63,2958.1,423.4,Conventional (HFO/MGO),Moderate,50.0
Handymax,11.4,4195.7,1818.0,Hydrogen,Calm,57.3
Feeder,14.2,1245.1,1634.7,Conventional (HFO/MGO),Rough,50.0
Handymax,11.91,1393.6,1705.0,Hydrogen,Calm,51.4
Container,13.73,6717.8,565.9,Methanol,Rough,74.5
Feeder,14.22,2574.5,1754.9,LNG,Calm,50.0
Panamax,14.95,5160.3,429.7,Conventional (HFO/MGO),Calm,50.0
Panamax,20.17,6113.9,946.5,Conventional (HFO/MGO),Moderate,256.0
Tanker,15.18,5959.2,2017.3,Ammonia,Moderate,286.1
Tanker,11.38,7520.8,1110.7,LNG,Moderate,66.5
Feeder,12.28,2074.3,710.8,LNG,Moderate,50.0
Ro-Ro,17.51,4258.5,1611.4,Methanol,Calm,200.1
Panamax,13.67,5803.0,1903.4,Hydrogen,Calm,132.5
Container,21.53,7297.0,1394.8,Ammonia,Rough,789.3
Container,12.5,9987.0,1018.4,Conventional (HFO/MGO),Calm,101.2
Ro-Ro,15.19,6263.6,1656.6,Hydrogen,Rough,150.6
Tanker,15.93,2164.3,2181.8,LNG,Calm,249.4
Panamax,12.6,7904.7,175.1,Ammonia,Calm,50.0
Panamax,16.86,7455.0,820.3,LNG,Moderate,126.2
Tanker,10.37,11450.8,245.6,Hydrogen,Moderate,50.0
Ro-Ro,12.34,2748.0,1691.8,Hydrogen,Calm,65.4
Container,19.16,5158.8,773.1,Hydrogen,Rough,256.9
Handymax,11.98,2843.7,2199.0,Conventional (HFO/MGO),Calm,75.0
Feeder,10.67,1257.8,2184.4,Methanol,Moderate,50.0
Container,13.89,3580.3,1353.5,Methanol,Moderate,147.0
Panamax,13.47,8445.5,1211.9,Ammonia,Calm,111.2
Tanker,15.04,9327.6,724.0,Conventional (HFO/MGO),Rough,142.2
Feeder,10.63,1147.8,931.0,Ammonia,Rough,50.0
Container,14.53,7868.1,873.1,Ammonia,Calm,128.1
Container,19.59,9243.0,1178.5,Methanol,Moderate,441.9
Panamax,16.32,6445.3,1393.1,Hydrogen,Calm,188.5
Tanker,18.72,11614.7,1832.5,Hydrogen,Moderate,539.0
Panamax,15.79,3246.8,157.2,Conventional (HFO/MGO),Rough,50.0
Panamax,13.54,6789.4,1041.3,Methanol,Moderate,102.6
Tanker,10.84,5152.4,185.7,LNG,Calm,50.0
Handymax,16.59,1706.9,1925.3,Conventional (HFO/MGO),Calm,155.7
Panamax,18.15,3647.6,1194.5,Conventional (HFO/MGO),Calm,214.3
Ro-Ro,14.71,6169.2,652.0,Conventional (HFO/MGO),Calm,50.0
Handymax,10.03,3254.0,175.7,LNG,Rough,50.0
Container,14.22,9119.5,1538.4,Methanol,Calm,204.2
Container,20.72,5744.6,400.2,Methanol,Moderate,166.6
Feeder,10.19,2563.8,572.5,LNG,Calm,50.0
Feeder,10.58,772.0,2029.1,Conventional (HFO/MGO),Calm,50.0
Container,19.36,7440.9,1217.9,Ammonia,Calm,353.6
Ro-Ro,18.09,4315.1,831.5,Ammonia,Rough,150.2
Ro-Ro,13.3,6180.0,1802.8,Ammonia,Moderate,136.8
Tanker,13.31,4565.4,1195.5,Ammonia,Calm,100.2
Feeder,13.49,2740.1,223.9,Conventional (HFO/MGO),Moderate,50.0
Feeder,14.75,3008.6,606.5,Ammonia,Calm,50.0
Ro-Ro,16.02,4643.1,1074.7,Ammonia,Calm,114.7
Tanker,14.11,4235.5,853.0,Ammonia,Calm,84.0
Container,14.58,8380.9,2157.4,Methanol,Calm,283.6
Tanker,11.5,6252.6,1392.3,Methanol,Calm,86.1
Container,15.43,9859.7,1434.9,Ammonia,Moderate,253.6
Handymax,15.63,3357.4,956.8,Ammonia,Calm,72.8
Feeder,13.39,1534.7,220.9,Conventional (HFO/MGO),Calm,50.0
Feeder,16.45,1902.5,1900.9,Methanol,Moderate,72.5
Container,12.16,9484.6,1774.6,Ammonia,Calm,185.9
Feeder,10.48,723.7,344.5,LNG,Calm,50.0
Feeder,13.64,2637.4,184.5,Methanol,Calm,50.0
Container,16.82,3712.6,1787.4,Ammonia,Rough,462.6
Tanker,10.4,6728.7,2015.2,LNG,Moderate,90.4
Ro-Ro,18.49,4645.3,1830.5,Hydrogen,Calm,250.7
Feeder,13.72,3435.9,1208.6,Methanol,Calm,50.0
Feeder,12.84,2335.0,930.4,Methanol,Calm,50.0
Panamax,17.55,5435.8,1078.7,Conventional (HFO/MGO),Moderate,186.7
Panamax,14.75,3693.0,1614.4,Ammonia,Moderate,160.8
Panamax,18.73,2816.3,1289.2,Methanol,Calm,216.9
Panamax,15.93,4533.1,1964.2,Hydrogen,Moderate,229.7
Feeder,13.39,2906.6,494.3,Ammonia,Calm,50.0
Feeder,14.01,1238.3,1450.1,Conventional (HFO/MGO),Calm,50.0
Feeder,15.27,2847.5,1154.3,Ammonia,Calm,50.0
Handymax,10.13,5334.0,1420.9,Methanol,Moderate,50.0
Container,14.83,11748.1,971.5,Hydrogen,Calm,138.8
Panamax,20.83,7333.1,1589.3,Hydrogen,Rough,437.5
Feeder,14.81,923.3,604.4,LNG,Calm,50.0
Handymax,18.96,2980.5,1603.9,Ammonia,Calm,206.7
Feeder,11.87,1387.4,590.8,LNG,Calm,50.0
Ro-Ro,11.77,3678.4,1233.3,Ammonia,Calm,52.8
Ro-Ro,16.84,4555.5,1546.0,Conventional (HFO/MGO),Moderate,157.0
Feeder,11.81,2100.2,203.4,LNG,Calm,50.0
Tanker,10.57,8660.9,965.4,Conventional (HFO/MGO),Moderate,54.5
Ro-Ro,14.83,2880.2,1397.7,Ammonia,Moderate,110.7
Handymax,10.57,2392.0,466.6,LNG,Calm,50.0
Container,18.62,13411.7,888.1,Conventional (HFO/MGO),Moderate,304.4
Tanker,14.3,8536.8,1678.0,LNG,Moderate,188.8
Container,20.22,9551.2,1516.5,LNG,Moderate,595.0
Feeder,12.24,2027.0,1689.9,Hydrogen,Moderate,50.0
Handymax,13.0,2179.0,684.1,Methanol,Rough,50.0
Feeder,11.93,2335.4,1326.5,Ammonia,Moderate,50.0
Feeder,17.24,1952.3,289.1,Hydrogen,Calm,50.0
Tanker,14.94,8127.2,934.4,Methanol,Moderate,138.8
Tanker,16.44,10947.4,1370.6,Hydrogen,Rough,318.7
Tanker,16.45,5817.8,740.8,Hydrogen,Moderate,99.3
Panamax,14.57,2724.5,1331.6,Ammonia,Calm,117.7
Tanker,14.84,4062.7,1375.2,Methanol,Moderate,190.8
Tanker,12.24,9609.8,1300.5,LNG,Calm,97.9
Tanker,17.07,7641.3,2136.1,Conventional (HFO/MGO),Rough,463.8
Handymax,12.85,4220.2,1375.4,Hydrogen,Calm,56.3
Container,13.41,4873.5,2009.3,Conventional (HFO/MGO),Moderate,195.2
Feeder,15.88,1795.9,1920.9,Ammonia,Moderate,60.7
Feeder,14.79,2180.0,1974.8,Ammonia,Moderate,57.2
Feeder,10.01,2179.2,300.9,Conventional (HFO/MGO),Rough,50.0
Handymax,12.19,5844.2,932.2,Hydrogen,Calm,50.0
Feeder,17.89,2951.5,841.4,Methanol,Moderate,50.0
Feeder,14.9,2759.3,152.0,LNG,Calm,50.0
Handymax,11.49,4554.7,360.5,Conventional (HFO/MGO),Moderate,50.0
Panamax,17.6,2863.3,324.9,Ammonia,Calm,50.0
Tanker,13.44,5527.6,1195.5,Ammonia,Calm,117.6
Panamax,14.69,4891.5,406.4,LNG,Calm,50.0
Tanker,15.26,5253.1,499.6,Conventional (HFO/MGO),Calm,60.2
Feeder,13.01,2968.6,1625.4,Conventional (HFO/MGO),Rough,50.0
Feeder,15.32,1120.9,772.3,Hydrogen,Moderate,50.0
Handymax,12.05,5968.6,386.9,Methanol,Rough,50.0
Panamax,18.95,3298.8,1446.8,Ammonia,Moderate,334.3
Panamax,12.81,3700.0,1133.7,LNG,Moderate,67.2
Handymax,16.09,2670.1,1131.7,Hydrogen,Calm,75.4
Ro-Ro,14.06,3239.1,1322.4,Conventional (HFO/MGO),Calm,85.5
Handymax,15.77,3927.3,841.8,Conventional (HFO/MGO),Calm,66.6
Container,19.47,7500.9,1803.4,Methanol,Rough,665.1
Handymax,12.07,4689.6,968.3,Hydrogen,Calm,50.0
Container,15.2,11978.5,800.1,Ammonia,Moderate,161.0
Handymax,14.05,4761.1,417.5,LNG,Calm,50.0
Handymax,11.22,2510.2,1608.3,Hydrogen,Calm,50.0
Handymax,16.89,1655.4,1896.6,Hydrogen,Moderate,157.0
Handymax,16.55,4084.3,1294.9,Hydrogen,Moderate,102.6
Tanker,17.28,7954.2,1904.4,Methanol,Rough,445.4
Feeder,14.69,1958.0,1320.0,Conventional (HFO/MGO),Moderate,50.0
Feeder,15.74,1072.3,1245.8,Methanol,Calm,50.0
Panamax,18.35,6476.3,884.7,Methanol,Calm,180.9
Tanker,18.3,4600.7,680.6,Ammonia,Calm,145.3
Handymax,10.61,3133.4,684.2,LNG,Calm,50.0
Container,17.79,5000.3,1285.4,Hydrogen,Moderate,263.0
Panamax,12.31,8164.2,1594.8,Ammonia,Moderate,126.8
Tanker,18.84,6852.0,974.8,Conventional (HFO/MGO),Moderate,242.5
Tanker,15.61,6114.1,1763.5,Conventional (HFO/MGO),Moderate,235.8
Container,12.75,9032.5,1617.0,Ammonia,Calm,169.5
Panamax,12.98,5571.2,428.0,LNG,Moderate,50.0
Ro-Ro,13.87,2474.4,2176.8,Conventional (HFO/MGO),Calm,126.9
Ro-Ro,14.36,5477.4,1753.0,Conventional (HFO/MGO),Calm,134.4
Ro-Ro,18.62,5241.9,744.3,Methanol,Moderate,129.9
Feeder,17.9,2709.8,553.8,Methanol,Moderate,50.0
Container,17.65,12358.2,1402.3,Methanol,Moderate,421.6
Panamax,20.08,6924.5,254.5,Methanol,Rough,85.0
Tanker,10.2,7799.3,261.9,Methanol,Calm,50.0
Handymax,13.22,5328.1,2032.6,Ammonia,Calm,118.5
Tanker,16.81,5139.3,1496.3,Hydrogen,Moderate,212.2
Feeder,10.69,1143.1,422.1,Hydrogen,Rough,50.0
Handymax,11.05,3956.5,533.8,Hydrogen,Calm,50.0
Feeder,11.16,2509.3,2167.0,Ammonia,Moderate,50.0
Container,19.07,7910.7,1502.4,Ammonia,Rough,617.6
Handymax,14.07,1548.4,1763.5,Methanol,Calm,91.5
Panamax,13.8,4176.0,1416.9,LNG,Calm,100.3
Tanker,18.74,5668.7,820.4,Ammonia,Calm,195.8
Handymax,18.37,5099.7,866.0,LNG,Rough,135.7
Feeder,13.41,1292.3,1965.6,LNG,Calm,50.0
Container,21.92,8566.9,1150.9,LNG,Calm,459.6
Feeder,12.28,3158.2,261.6,Methanol,Calm,50.0
Feeder,13.81,1234.4,416.7,LNG,Calm,50.0
Container,18.33,7094.0,937.9,Ammonia,Moderate,256.3
Feeder,15.25,1749.8,1728.7,LNG,Rough,55.0
Handymax,10.82,2181.1,1756.2,Conventional (HFO/MGO),Rough,53.3
Handymax,17.56,4088.4,1836.7,LNG,Moderate,202.4
Feeder,17.66,1621.9,868.6,Conventional (HFO/MGO),Calm,50.0
Container,12.69,4133.5,1768.8,Ammonia,Moderate,181.2
Handymax,12.02,2656.2,179.1,Conventional (HFO/MGO),Calm,50.0
Tanker,18.08,5119.3,804.8,Ammonia,Rough,203.7
Tanker,12.29,5484.5,1206.5,Methanol,Moderate,103.0
Feeder,14.6,2014.0,583.5,Ammonia,Moderate,50.0
Ro-Ro,16.35,5085.9,1862.9,Conventional (HFO/MGO),Calm,179.4
Ro-Ro,11.87,1991.5,555.5,Methanol,Calm,50.0
Feeder,11.49,3479.4,481.1,Hydrogen,Moderate,50.0
Tanker,15.83,9268.7,425.1,Ammonia,Calm,76.3
Tanker,13.22,4547.9,2028.5,Conventional (HFO/MGO),Rough,240.2
Tanker,11.39,2386.9,1490.5,Hydrogen,Moderate,71.4
Container,15.46,6416.5,1386.5,LNG,Rough,248.4
Container,20.88,3489.7,1488.9,Hydrogen,Moderate,464.0
Ro-Ro,19.16,6735.6,157.1,Conventional (HFO/MGO),Calm,50.0
Tanker,15.38,4102.4,1818.6,Hydrogen,Calm,214.5
Handymax,14.69,3504.7,712.9,LNG,Calm,50.0
Container,22.08,7681.2,1726.1,Methanol,Calm,717.5
Handymax,10.18,1971.5,194.4,LNG,Rough,50.0
Feeder,15.95,1397.4,1179.7,Ammonia,Moderate,50.0
Feeder,15.86,1051.7,1059.8,Methanol,Moderate,50.0
Handymax,17.63,4183.3,1346.5,Ammonia,Moderate,169.1
Panamax,17.98,6957.6,1200.6,Conventional (HFO/MGO),Rough,269.9
Tanker,10.18,2473.3,871.2,LNG,Moderate,50.0
Panamax,13.3,7419.7,1731.1,Conventional (HFO/MGO),Calm,145.8
Ro-Ro,11.78,3591.2,243.4,Conventional (HFO/MGO),Calm,50.0
Container,21.05,4247.8,699.6,Methanol,Rough,330.6
Panamax,20.76,5125.0,776.0,Hydrogen,Moderate,176.2
Panamax,11.07,8166.3,1526.1,Conventional (HFO/MGO),Calm,82.5
Container,22.11,6150.4,809.2,Hydrogen,Rough,392.6
Tanker,12.64,2962.5,1052.0,Ammonia,Calm,73.7
Tanker,15.7,11099.3,2152.2,Conventional (HFO/MGO),Moderate,416.2
Container,15.95,2897.6,2161.4,Conventional (HFO/MGO),Rough,423.5
Ro-Ro,14.3,2847.8,1886.2,Conventional (HFO/MGO),Calm,116.7
Handymax,13.4,1899.5,2195.3,Methanol,Moderate,103.2
Feeder,17.25,2570.9,1812.9,LNG,Moderate,75.2
Container,19.74,7329.8,1380.0,LNG,Rough,511.5
Feeder,14.59,2753.6,2170.6,Methanol,Moderate,61.7
Handymax,18.07,4888.1,1671.6,LNG,Moderate,202.0
Panamax,19.09,3915.2,1553.9,Methanol,Moderate,345.1
Container,20.16,3422.3,433.0,LNG,Calm,122.8
Panamax,20.02,1913.2,1868.5,Ammonia,Moderate,418.0
Tanker,15.19,3516.7,155.3,Ammonia,Moderate,50.0
Container,16.1,2696.9,2025.7,Methanol,Calm,302.9
Ro-Ro,13.28,1757.2,939.3,Hydrogen,Calm,50.0
Ro-Ro,13.0,4358.1,233.2,Ammonia,Calm,50.0
Panamax,18.76,2511.3,1279.6,Hydrogen,Calm,198.0
Tanker,18.42,3162.8,1074.3,Hydrogen,Moderate,201.9
Handymax,14.61,6458.0,506.4,Hydrogen,Rough,50.0
Handymax,14.76,2473.8,2125.5,Methanol,Rough,154.1
Handymax,16.03,3368.1,1894.0,Ammonia,Calm,155.6
Ro-Ro,17.06,3494.7,905.7,Methanol,Calm,91.4
Container,14.47,4774.3,1347.5,Methanol,Calm,159.2
Panamax,16.78,2624.3,1232.9,Conventional (HFO/MGO),Moderate,157.0
Feeder,14.08,1034.3,1099.2,Methanol,Calm,50.0
Feeder,16.23,1622.4,633.3,Methanol,Calm,50.0
Feeder,16.65,2445.9,1047.5,Methanol,Calm,50.0
Panamax,14.99,7967.6,956.0,Conventional (HFO/MGO),Calm,110.3
Tanker,11.37,8687.4,1048.2,Hydrogen,Calm,68.7
Feeder,13.17,2372.4,1052.7,Ammonia,Calm,50.0
Container,17.04,10235.9,2017.2,Methanol,Moderate,514.1
Feeder,15.16,1290.8,1814.3,Methanol,Rough,55.8
Panamax,19.49,4316.7,2013.5,Ammonia,Calm,429.9
Panamax,16.65,4330.4,2081.2,LNG,Calm,268.7
Handymax,10.03,5083.3,923.8,Hydrogen,Rough,50.0
Handymax,10.83,1758.5,2102.9,Conventional (HFO/MGO),Moderate,54.1
Handymax,17.86,2348.1,1598.7,LNG,Moderate,165.8
Handymax,12.01,3018.9,2128.5,Methanol,Moderate,86.1
Ro-Ro,13.15,5392.1,1176.2,Methanol,Calm,67.7
Tanker,16.62,3945.8,1945.8,Hydrogen,Calm,251.2
Tanker,17.24,5800.0,1141.0,Conventional (HFO/MGO),Calm,232.4
Container,15.73,11472.8,212.8,Hydrogen,Calm,50.0
Ro-Ro,13.26,4502.8,802.7,Hydrogen,Moderate,50.0
Handymax,14.1,4311.4,1335.0,Ammonia,Calm,83.1
Container,14.28,9986.6,450.5,Ammonia,Moderate,69.5
Feeder,15.49,952.3,1571.0,Ammonia,Moderate,50.8
Panamax,18.19,7137.8,820.8,LNG,Rough,186.4
Ro-Ro,16.4,1999.6,717.2,Conventional (HFO/MGO),Moderate,63.7
Handymax,16.33,4144.4,1871.5,LNG,Moderate,179.0
Feeder,16.34,1072.5,646.6,LNG,Moderate,50.0
Ro-Ro,11.35,2414.4,1174.9,Hydrogen,Moderate,50.0
Panamax,12.84,6039.1,1573.1,Conventional (HFO/MGO),Calm,114.3
Tanker,10.75,7602.7,403.6,LNG,Moderate,50.0
Feeder,17.59,1256.1,210.3,Ammonia,Calm,50.0
Feeder,12.88,1534.5,599.7,Conventional (HFO/MGO),Moderate,50.0
Feeder,17.29,847.5,456.9,Methanol,Calm,50.0
Handymax,10.67,6283.8,775.4,Methanol,Calm,50.0
Ro-Ro,16.96,7710.5,534.6,Ammonia,Moderate,83.8
Feeder,12.9,2963.4,439.0,Methanol,Calm,50.0
Tanker,18.82,10894.5,254.5,Ammonia,Rough,91.3
Container,16.34,10211.2,1330.6,Hydrogen,Moderate,233.8
Panamax,15.4,1834.2,1570.3,Conventional (HFO/MGO),Calm,158.6
Ro-Ro,12.54,5586.3,776.6,Conventional (HFO/MGO),Calm,50.0
Feeder,14.98,1002.5,893.5,LNG,Moderate,50.0
Container,14.76,11354.1,998.5,Methanol,Calm,156.9
Tanker,15.53,10912.7,270.0,Hydrogen,Moderate,50.0
Handymax,12.31,1703.1,2079.2,LNG,Calm,68.9
Panamax,18.1,2957.5,1819.0,Hydrogen,Moderate,266.7
Ro-Ro,11.39,5676.7,457.5,Conventional (HFO/MGO),Moderate,50.0
Panamax,20.0,6968.8,2114.6,Hydrogen,Rough,568.4
Ro-Ro,19.07,6590.9,2144.3,LNG,Moderate,337.6
Ro-Ro,19.52,5863.2,1907.4,Ammonia,Moderate,373.4
Panamax,19.64,2199.6,845.2,Conventional (HFO/MGO),Calm,154.8
Panamax,20.52,5179.7,1990.3,LNG,Calm,457.0
Ro-Ro,17.32,5091.1,1821.5,Hydrogen,Moderate,192.6
Panamax,18.2,6673.5,890.9,Ammonia,Calm,186.8
Container,19.81,5577.8,1432.4,Hydrogen,Calm,365.4
Panamax,15.13,3563.9,1148.6,Ammonia,Calm,126.0
Panamax,16.92,6056.3,897.9,Ammonia,Moderate,151.8
Handymax,17.79,3533.1,1158.8,Conventional (HFO/MGO),Calm,132.6
Container,16.52,10466.5,1088.5,Conventional (HFO/MGO),Rough,282.5
Ro-Ro,19.8,4477.8,1569.0,Hydrogen,Calm,223.2
Tanker,16.33,11384.9,1356.7,Ammonia,Moderate,297.4
Tanker,17.94,7170.5,627.7,Hydrogen,Moderate,121.0
Handymax,11.41,1963.0,996.5,Ammonia,Calm,50.0
Feeder,14.27,1145.0,1070.7,Methanol,Rough,50.0
Ro-Ro,13.18,7862.1,2177.6,Conventional (HFO/MGO),Calm,135.8
Panamax,16.77,2706.6,1828.3,Conventional (HFO/MGO),Rough,284.0
Container,13.12,5655.7,283.5,Methanol,Calm,50.0
Handymax,17.73,1702.8,1234.4,Conventional (HFO/MGO),Moderate,132.5
Ro-Ro,12.62,6391.8,1637.7,Conventional (HFO/MGO),Moderate,95.8
Ro-Ro,18.56,5445.5,1384.5,LNG,Calm,206.6
Tanker,16.55,3014.9,2072.3,Ammonia,Moderate,301.3
Panamax,18.25,4008.1,1336.4,LNG,Moderate,238.3
Tanker,13.21,6426.0,1582.0,Ammonia,Moderate,165.9
Tanker,18.13,10082.7,1839.7,Hydrogen,Calm,431.4
Panamax,11.44,7342.5,813.1,Methanol,Calm,50.0
Handymax,13.04,4103.2,1346.3,LNG,Calm,61.5
Feeder,10.74,2135.9,1217.1,Ammonia,Moderate,50.0
Panamax,20.74,7176.7,590.2,Hydrogen,Calm,133.6
Ro-Ro,15.98,2702.1,605.8,LNG,Calm,50.0
Ro-Ro,19.79,2895.5,955.4,Hydrogen,Rough,169.8
Panamax,16.4,2083.3,1981.4,Methanol,Moderate,232.2
Ro-Ro,14.53,2826.1,1698.4,Methanol,Moderate,114.5
Container,22.21,5989.4,997.1,LNG,Moderate,393.4
Panamax,19.5,2329.4,2045.4,Hydrogen,Rough,414.1
Ro-Ro,12.92,3908.5,565.5,Hydrogen,Calm,50.0
Tanker,15.34,4402.0,909.8,LNG,Calm,96.1
Tanker,18.65,5429.1,2145.3,Hydrogen,Moderate,457.3
Panamax,11.63,7052.4,1326.7,LNG,Calm,66.3
Tanker,17.05,5548.5,2037.8,LNG,Calm,372.3
Ro-Ro,12.47,7675.9,1493.9,Hydrogen,Calm,70.6
Container,18.69,12809.8,376.0,Ammonia,Rough,161.2
Container,16.1,2967.7,2113.8,Hydrogen,Rough,334.3
Feeder,11.34,971.2,299.9,Ammonia,Calm,50.0
Container,13.52,9413.1,1858.4,LNG,Moderate,225.1
Container,14.74,9691.1,1313.2,Hydrogen,Calm,172.8
Ro-Ro,19.46,5861.9,2127.3,Ammonia,Rough,529.6
Container,15.84,8260.2,471.8,Hydrogen,Rough,93.6
Tanker,13.34,5379.9,1682.4,LNG,Rough,160.3
Container,18.53,6176.1,1183.6,Methanol,Calm,306.3
Feeder,17.32,1678.2,662.1,Methanol,Moderate,50.0
Feeder,10.07,2626.8,1000.9,Methanol,Moderate,50.0
Tanker,13.1,9166.0,955.9,Conventional (HFO/MGO),Calm,103.0
Ro-Ro,12.07,6027.2,1518.1,Hydrogen,Calm,63.9
Ro-Ro,13.85,1799.0,782.0,Ammonia,Calm,50.0
Handymax,17.83,2668.0,1028.6,Ammonia,Calm,115.9
Tanker,18.45,10722.6,589.1,Conventional (HFO/MGO),Moderate,180.4
Container,17.23,4947.8,1461.7,Ammonia,Calm,318.8
Panamax,17.85,6899.5,374.5,LNG,Calm,66.0
Handymax,15.1,4793.6,877.3,Conventional (HFO/MGO),Moderate,69.1
Panamax,12.41,1966.8,254.0,Hydrogen,Rough,50.0
Ro-Ro,12.8,4342.6,1782.0,Ammonia,Moderate,87.5
Handymax,11.45,2024.6,1997.1,Ammonia,Moderate,61.8
Handymax,18.83,1774.2,1701.7,Methanol,Calm,186.2
Panamax,16.49,3282.9,980.8,Methanol,Moderate,140.2
Panamax,19.36,4218.5,1017.1,Hydrogen,Moderate,189.2
Panamax,14.13,3037.6,941.0,Conventional (HFO/MGO),Rough,102.5
Container,18.23,8823.1,1041.7,Methanol,Calm,277.4
Handymax,14.86,4146.1,1701.3,Conventional (HFO/MGO),Rough,138.0
Handymax,11.53,4359.0,1860.3,Methanol,Rough,87.5
Panamax,18.13,8137.1,1546.1,Conventional (HFO/MGO),Moderate,324.7
Handymax,12.65,1626.3,1846.8,Hydrogen,Rough,72.4
Panamax,11.94,3392.9,1877.8,LNG,Moderate,90.1
Feeder,14.41,2912.1,629.7,LNG,Rough,50.0
Panamax,11.25,7246.2,1472.8,Conventional (HFO/MGO),Moderate,76.2
Panamax,18.99,8550.2,503.0,Methanol,Moderate,119.9
Feeder,13.3,2672.9,195.2,LNG,Calm,50.0
Panamax,18.92,8581.7,336.4,Conventional (HFO/MGO),Calm,73.6
Container,12.87,11541.0,1979.9,Conventional (HFO/MGO),Moderate,222.7
Feeder,15.24,2180.2,1879.6,Ammonia,Moderate,58.0
Feeder,14.03,1853.9,889.7,LNG,Calm,50.0
Ro-Ro,11.23,3411.3,625.1,Methanol,Moderate,50.0
Feeder,16.49,646.1,507.2,LNG,Moderate,50.0
Handymax,17.54,5721.4,280.0,Hydrogen,Moderate,50.0
Handymax,18.39,3140.2,1969.6,LNG,Moderate,225.3
Feeder,17.31,1936.0,162.5,Conventional (HFO/MGO),Calm,50.0
Ro-Ro,16.39,5958.9,722.7,Conventional (HFO/MGO),Moderate,80.9
Panamax,19.6,3443.5,1234.1,Ammonia,Moderate,251.6
Container,18.18,11315.6,483.8,LNG,Moderate,133.9
Handymax,13.29,6331.7,1001.6,Hydrogen,Calm,50.0
Feeder,15.56,2397.1,692.7,Ammonia,Moderate,50.0
Tanker,18.39,7913.9,622.9,Conventional (HFO/MGO),Calm,148.2
Ro-Ro,13.31,2422.8,165.3,Conventional (HFO/MGO),Calm,50.0
Tanker,14.54,7967.5,1279.7,LNG,Moderate,158.5
Handymax,15.85,5036.0,1605.9,Hydrogen,Moderate,127.8
Handymax,16.63,2639.8,1942.9,Hydrogen,Calm,132.6
Tanker,12.22,6388.8,904.2,Ammonia,Rough,95.5
Ro-Ro,18.15,5618.6,2084.6,Hydrogen,Moderate,296.1
Handymax,14.72,1417.4,683.0,Ammonia,Moderate,50.0
Handymax,13.25,4078.8,153.8,Methanol,Moderate,50.0
Handymax,13.94,3828.1,1456.7,Conventional (HFO/MGO),Moderate,88.8
Handymax,14.11,1569.5,1734.3,Ammonia,Moderate,96.8
Container,16.52,8807.0,253.7,Methanol,Calm,52.9
Handymax,13.77,2456.3,1677.7,Hydrogen,Calm,79.1
Panamax,18.29,6428.2,293.1,Conventional (HFO/MGO),Calm,55.6
Ro-Ro,17.17,2739.4,1639.5,Methanol,Rough,229.7
Feeder,15.44,1660.6,251.0,Conventional (HFO/MGO),Calm,50.0
Panamax,19.65,5462.3,1209.8,Methanol,Calm,282.7
Handymax,14.31,2653.6,954.4,Conventional (HFO/MGO),Moderate,57.7
Feeder,17.92,860.7,804.8,LNG,Calm,50.0
Container,14.73,7955.0,1472.0,Hydrogen,Calm,206.8
Tanker,11.08,4750.6,576.3,Ammonia,Calm,50.0
Feeder,13.41,1254.1,721.2,Methanol,Rough,50.0
Tanker,15.91,5655.0,1562.1,Conventional (HFO/MGO),Moderate,226.5
Feeder,12.8,3459.4,523.7,Conventional (HFO/MGO),Calm,50.0
Feeder,15.38,2462.9,1572.1,Hydrogen,Calm,50.0
Container,21.52,5557.8,411.2,Hydrogen,Moderate,159.3
Feeder,16.6,2116.8,819.6,Conventional (HFO/MGO),Calm,50.0
Feeder,13.92,1119.2,884.9,Hydrogen,Calm,50.0
Handymax,14.95,2392.0,854.5,LNG,Moderate,57.5
Container,12.43,2740.4,867.9,Conventional (HFO/MGO),Moderate,67.1
Handymax,16.44,1218.9,204.8,Hydrogen,Calm,50.0
Feeder,10.32,2947.4,1160.6,Methanol,Moderate,50.0
Ro-Ro,19.33,6945.3,886.4,Methanol,Calm,149.6
Feeder,14.25,1759.5,1134.9,LNG,Moderate,50.0
Ro-Ro,14.02,6623.7,1461.1,Methanol,Calm,111.0
Ro-Ro,17.52,4577.1,973.0,Conventional (HFO/MGO),Moderate,112.8
Feeder,14.36,2334.5,998.5,Hydrogen,Moderate,50.0
Panamax,13.38,3743.9,490.5,Conventional (HFO/MGO),Calm,50.0
Tanker,10.91,4159.4,1514.3,Methanol,Calm,71.4
Feeder,17.88,2282.2,312.1,Hydrogen,Calm,50.0
Container,20.28,8887.3,518.2,Hydrogen,Calm,159.7
Panamax,13.37,6090.9,472.1,Ammonia,Rough,50.0
Handymax,12.08,4503.5,1501.5,Hydrogen,Calm,50.8
Ro-Ro,18.7,3717.1,1675.9,Ammonia,Moderate,248.6
Handymax,15.4,2005.4,988.1,Methanol,Calm,68.8
Ro-Ro,12.91,5778.8,1277.2,Conventional (HFO/MGO),Calm,68.7
Panamax,19.8,7725.7,2184.0,Ammonia,Moderate,574.5
Container,15.45,12470.5,1774.6,Ammonia,Moderate,376.9
Feeder,13.2,2136.1,1662.5,LNG,Rough,50.0
Feeder,17.66,1028.7,2098.2,Hydrogen,Calm,70.0
Container,18.25,6145.1,317.3,Conventional (HFO/MGO),Moderate,83.6
Tanker,16.25,4118.9,431.7,Conventional (HFO/MGO),Calm,70.5
Panamax,16.97,7627.3,1362.5,Hydrogen,Moderate,193.6
Panamax,12.5,2774.9,1374.8,LNG,Moderate,80.1
Panamax,20.57,3623.2,574.1,Ammonia,Calm,144.2
Tanker,15.36,3048.5,1119.6,Ammonia,Calm,157.8
Handymax,15.84,4157.2,1943.2,Methanol,Calm,164.2
Handymax,12.74,5422.4,1565.3,Conventional (HFO/MGO),Calm,69.7
Feeder,17.5,2476.1,200.6,Hydrogen,Moderate,50.0
Ro-Ro,16.39,5750.8,223.9,Conventional (HFO/MGO),Moderate,50.0
Ro-Ro,13.2,3604.1,395.5,Hydrogen,Calm,50.0
Tanker,11.58,4211.6,1998.0,LNG,Moderate,132.3
Handymax,12.15,3152.7,1817.7,Ammonia,Calm,66.1
Tanker,14.51,6965.2,981.5,LNG,Calm,104.4
Ro-Ro,12.98,6258.1,1682.1,Methanol,Calm,98.9
Panamax,14.44,4970.2,1113.1,Conventional (HFO/MGO),Moderate,118.4
Ro-Ro,14.16,5507.3,726.6,LNG,Calm,53.6
Container,22.54,5239.7,186.5,Ammonia,Calm,92.4
Container,13.29,3572.3,1718.3,Conventional (HFO/MGO),Moderate,178.0
Tanker,16.51,6706.8,473.7,Conventional (HFO/MGO),Calm,84.9
Handymax,18.73,3768.7,912.9,LNG,Moderate,121.0
Container,18.8,4740.2,919.2,Conventional (HFO/MGO),Moderate,228.7
Container,13.84,8461.4,804.7,LNG,Rough,119.1
Handymax,13.51,5602.7,265.9,Ammonia,Calm,50.0
Feeder,17.35,2320.5,1431.5,Conventional (HFO/MGO),Moderate,63.2
Panamax,19.27,6097.6,1684.6,Hydrogen,Calm,311.8
Feeder,13.09,2716.9,520.1,Conventional (HFO/MGO),Calm,50.0
Feeder,17.47,2606.7,1101.4,Methanol,Rough,58.1
Ro-Ro,13.21,4138.2,210.9,Ammonia,Calm,50.0
Ro-Ro,15.93,6054.4,216.1,Conventional (HFO/MGO),Calm,50.0
Feeder,12.39,2938.1,1881.3,Ammonia,Moderate,50.0
Container,20.98,6197.0,2185.3,Hydrogen,Rough,948.9
Ro-Ro,15.72,6470.0,1845.3,Hydrogen,Calm,158.2
Handymax,18.26,3111.7,1969.4,LNG,Moderate,213.4
Container,18.17,5860.6,241.0,Ammonia,Calm,57.8
Ro-Ro,16.47,3122.5,284.3,LNG,Calm,50.0
Handymax,13.54,1763.8,1341.3,Ammonia,Rough,84.8
Panamax,20.28,6383.1,2189.6,Ammonia,Calm,624.8
Tanker,18.25,6990.4,1764.9,Ammonia,Calm,416.8
Panamax,16.96,6664.0,861.5,LNG,Calm,131.7
Ro-Ro,17.09,5551.4,409.4,Hydrogen,Moderate,50.0
Ro-Ro,14.02,4013.6,889.3,Conventional (HFO/MGO),Calm,54.4
Tanker,10.84,4130.4,1830.9,Conventional (HFO/MGO),Moderate,85.3
Tanker,14.87,3662.5,606.4,Hydrogen,Calm,68.3
Ro-Ro,14.49,5162.5,2138.7,Methanol,Calm,170.6
Panamax,18.17,6273.9,1644.6,Methanol,Calm,313.2
Panamax,14.82,8886.6,897.8,Ammonia,Moderate,110.2
Feeder,16.77,972.7,1313.7,Methanol,Moderate,50.0
Container,22.56,12568.3,864.9,Hydrogen,Rough,547.7
Ro-Ro,16.49,2978.1,1481.6,LNG,Calm,129.1
Feeder,14.7,662.1,1575.7,Methanol,Moderate,50.0
Ro-Ro,12.31,4386.7,2085.2,LNG,Calm,91.4
Container,19.9,4689.0,1075.6,Conventional (HFO/MGO),Calm,321.4
Feeder,12.8,2161.9,2143.3,LNG,Moderate,50.0
Ro-Ro,11.97,2688.9,985.4,Methanol,Calm,50.0
Feeder,14.63,1779.0,964.4,Hydrogen,Moderate,50.0
Ro-Ro,12.54,5191.8,200.8,LNG,Calm,50.0
Tanker,14.39,7155.6,1735.5,Ammonia,Calm,232.5
Container,16.41,13818.8,1694.9,Conventional (HFO/MGO),Rough,463.1
Ro-Ro,17.79,5818.2,1101.3,Hydrogen,Calm,141.4
Container,17.35,4436.7,1309.1,LNG,Calm,263.7
Ro-Ro,12.46,6789.3,1066.2,Methanol,Calm,53.5
Ro-Ro,16.63,4265.0,653.3,Ammonia,Moderate,85.3
Ro-Ro,12.21,2298.8,163.0,LNG,Moderate,50.0
Tanker,17.06,3957.0,2154.3,Ammonia,Calm,440.3
Feeder,10.39,2581.8,2194.5,Hydrogen,Moderate,50.0
Panamax,11.66,7507.2,1374.2,LNG,Rough,102.4
Panamax,14.61,5973.0,1764.9,LNG,Rough,203.1
Tanker,10.26,4023.9,916.7,Methanol,Moderate,50.0
Tanker,15.62,10354.7,645.4,LNG,Calm,102.8
Tanker,17.43,3674.6,1255.5,Hydrogen,Rough,227.9
Container,22.83,4066.2,1596.5,Methanol,Rough,918.9
Panamax,15.7,7058.5,2010.3,Hydrogen,Rough,262.5
Ro-Ro,19.29,4879.6,1381.8,Hydrogen,Calm,195.3
Panamax,14.14,7525.5,2097.0,Conventional (HFO/MGO),Rough,230.4
Feeder,13.9,845.6,1938.7,Conventional (HFO/MGO),Moderate,50.0
Panamax,15.05,7143.6,1592.0,Conventional (HFO/MGO),Calm,170.9
Container,13.12,11366.8,1487.2,LNG,Calm,150.3
Tanker,12.2,6559.9,177.4,LNG,Moderate,50.0
Container,15.77,8567.4,615.0,Ammonia,Moderate,115.2
Tanker,11.55,9529.9,1968.2,Methanol,Calm,135.2
Feeder,15.92,1490.9,428.1,Conventional (HFO/MGO),Moderate,50.0
Ro-Ro,15.68,1732.9,255.3,Methanol,Moderate,50.0
Tanker,15.52,8704.1,1848.0,LNG,Calm,289.6
Feeder,12.5,729.2,158.7,Methanol,Moderate,50.0
Ro-Ro,16.19,3637.9,1858.7,Hydrogen,Moderate,153.8
Feeder,14.06,1432.8,1640.1,Hydrogen,Moderate,50.0
Ro-Ro,16.84,5477.0,293.3,Ammonia,Calm,50.0
Feeder,14.1,2431.3,688.3,Hydrogen,Moderate,50.0
Tanker,16.94,10929.7,322.6,Hydrogen,Moderate,70.6
Container,14.39,11988.0,508.1,Methanol,Calm,76.5
Tanker,13.77,5929.9,2052.4,Methanol,Moderate,211.1
Tanker,17.36,3917.8,176.5,Ammonia,Moderate,50.0
Panamax,13.11,7137.8,1522.6,Methanol,Moderate,141.0
Feeder,15.34,2195.4,1507.5,Hydrogen,Moderate,50.0
Ro-Ro,16.49,4735.9,409.7,Hydrogen,Moderate,50.0
Container,15.92,5563.3,2121.9,LNG,Rough,420.9
Ro-Ro,17.63,4977.5,2150.5,Methanol,Calm,290.7
Handymax,11.83,4100.7,1751.9,Methanol,Calm,63.4
Panamax,19.34,4776.6,572.6,Hydrogen,Moderate,113.9
Tanker,15.0,5082.5,1696.5,Hydrogen,Moderate,204.1
Panamax,20.48,6115.3,762.5,Methanol,Moderate,201.4
Feeder,14.21,1392.7,863.2,Methanol,Rough,50.0
Container,19.34,8765.4,431.9,Ammonia,Calm,153.3
Ro-Ro,19.76,7214.3,201.8,Methanol,Calm,50.0
Handymax,12.12,2166.3,1422.8,Ammonia,Moderate,56.5
Container,13.07,2585.9,319.0,Hydrogen,Calm,50.0
Ro-Ro,17.79,3200.4,1624.6,Methanol,Rough,214.2
Tanker,15.75,9586.5,666.9,Ammonia,Moderate,127.1
Feeder,17.24,1810.7,2091.1,Ammonia,Rough,104.0
Ro-Ro,12.45,1830.5,371.4,Conventional (HFO/MGO),Rough,50.0
Handymax,15.73,4582.0,573.7,Hydrogen,Moderate,50.0
Handymax,11.68,5059.9,300.1,Methanol,Moderate,50.0
Feeder,16.46,1192.5,2062.6,LNG,Rough,76.8
Panamax,12.37,8397.6,1436.4,LNG,Calm,95.5
Tanker,15.16,7286.0,319.8,Conventional (HFO/MGO),Moderate,50.0
Handymax,15.75,5819.1,1162.3,Methanol,Rough,115.1
Handymax,12.12,4978.9,331.7,Ammonia,Rough,50.0
Panamax,16.24,6104.0,713.8,Methanol,Moderate,103.1
Handymax,11.33,6079.8,385.8,Methanol,Moderate,50.0
Container,12.23,6869.7,1461.1,Conventional (HFO/MGO),Moderate,132.8
Container,13.54,3442.2,1432.0,Hydrogen,Moderate,141.8
Handymax,17.3,1693.6,1446.2,LNG,Calm,124.1
Handymax,16.46,1450.5,1287.9,Methanol,Calm,99.0
Handymax,10.66,5008.2,280.2,Conventional (HFO/MGO),Calm,50.0
Tanker,17.69,5530.6,1232.5,Ammonia,Moderate,292.9
Ro-Ro,11.88,7444.8,1456.5,Hydrogen,Moderate,69.3
Ro-Ro,17.54,5062.0,1235.1,LNG,Calm,159.5
Tanker,11.64,11460.3,1188.9,LNG,Moderate,106.3
Panamax,20.43,6047.5,1447.8,LNG,Calm,320.4
Feeder,10.08,898.8,1370.4,Methanol,Moderate,50.0
Ro-Ro,19.55,5561.8,1758.7,Hydrogen,Moderate,288.8
Feeder,17.59,2186.9,1767.5,LNG,Rough,93.1
Ro-Ro,16.8,1536.4,1321.0,LNG,Moderate,119.9
Ro-Ro,17.52,2534.6,1984.3,LNG,Calm,208.9
Ro-Ro,14.86,4804.2,560.4,Methanol,Moderate,50.0
Tanker,11.47,7387.4,1906.5,Ammonia,Moderate,131.8
Handymax,18.38,3358.6,890.0,Conventional (HFO/MGO),Moderate,111.7
Handymax,10.68,4755.4,2129.9,Ammonia,Rough,79.2
Ro-Ro,13.51,7786.5,2052.2,Ammonia,Moderate,162.1
Container,18.5,9125.2,978.2,Conventional (HFO/MGO),Calm,263.4
Panamax,20.58,3887.3,438.8,Conventional (HFO/MGO),Calm,112.8
Ro-Ro,11.86,2252.6,1068.2,Ammonia,Calm,50.0
Ro-Ro,15.95,3543.6,1103.1,Conventional (HFO/MGO),Calm,90.6
Panamax,11.65,2630.1,2154.7,LNG,Calm,95.1
Panamax,18.55,8453.8,1769.0,Conventional (HFO/MGO),Moderate,383.1
Container,21.45,10065.8,153.5,Methanol,Moderate,69.0
Container,21.31,2889.0,1646.8,Conventional (HFO/MGO),Rough,704.6
Feeder,14.85,2531.3,642.5,LNG,Calm,50.0
Ro-Ro,13.69,3509.8,2186.3,Ammonia,Calm,120.3
Container,12.27,4820.9,1425.5,Methanol,Moderate,133.3
Handymax,15.19,4645.6,1797.1,LNG,Moderate,141.8
Tanker,17.54,3679.2,2111.2,Ammonia,Rough,500.2
Ro-Ro,16.44,4405.9,1686.6,Conventional (HFO/MGO),Moderate,188.5
Ro-Ro,18.94,1611.1,1660.2,LNG,Calm,185.1
Feeder,12.0,2164.7,1571.6,Methanol,Calm,50.0
Container,19.94,7628.2,1744.2,Hydrogen,Calm,544.3
Panamax,17.93,6813.0,521.1,Hydrogen,Moderate,85.0
Ro-Ro,15.65,4975.3,589.6,LNG,Calm,50.0
Ro-Ro,13.13,2076.7,222.1,Ammonia,Calm,50.0
Panamax,11.18,3435.2,269.2,Hydrogen,Calm,50.0
Container,19.57,9420.8,609.9,Hydrogen,Rough,216.3
Panamax,15.41,6513.6,787.3,Conventional (HFO/MGO),Calm,89.2
Container,22.64,4754.2,204.7,Conventional (HFO/MGO),Calm,91.0
Feeder,16.56,3253.7,1244.3,Ammonia,Calm,53.7
Handymax,18.19,3880.1,1082.9,Conventional (HFO/MGO),Moderate,142.3
Panamax,18.1,6148.9,1891.6,LNG,Calm,296.0
Handymax,17.65,5832.6,1369.5,Methanol,Calm,173.4
Tanker,11.89,7709.6,1861.4,Hydrogen,Calm,125.6
Feeder,12.03,2275.7,888.8,Conventional (HFO/MGO),Calm,50.0
Container,19.25,8281.2,1213.0,Conventional (HFO/MGO),Moderate,377.7
Container,12.66,13169.6,269.0,Methanol,Calm,50.0
Panamax,12.66,8459.4,240.2,Hydrogen,Moderate,50.0
Panamax,13.02,4375.3,1848.2,LNG,Rough,155.1
Panamax,13.37,2683.0,1475.2,LNG,Calm,101.3
Container,20.23,11466.1,230.4,Ammonia,Rough,125.1
Ro-Ro,11.1,7345.0,1265.0,Methanol,Moderate,57.5
Tanker,16.24,11241.3,612.2,Hydrogen,Calm,98.6
Tanker,15.39,7668.3,1272.2,Methanol,Moderate,195.9
Tanker,10.97,7072.0,1974.8,Ammonia,Calm,114.6
Handymax,15.08,3446.9,371.3,LNG,Rough,50.0
Container,18.54,3256.4,346.2,Methanol,Rough,113.5
Ro-Ro,18.15,4247.8,304.2,Conventional (HFO/MGO),Moderate,50.0
Feeder,17.02,1299.3,733.3,LNG,Calm,50.0
Handymax,18.13,2300.8,1762.0,Hydrogen,Moderate,174.3
Panamax,19.19,3142.9,1445.1,Conventional (HFO/MGO),Moderate,275.2
Container,20.96,7070.1,1544.7,Ammonia,Moderate,559.7
Panamax,15.46,3747.4,1092.3,Conventional (HFO/MGO),Moderate,118.3
Feeder,10.12,728.2,915.6,Ammonia,Moderate,50.0
Panamax,18.23,2202.0,2168.1,Methanol,Calm,337.5
Tanker,16.39,10468.4,365.8,Conventional (HFO/MGO),Calm,72.7
Ro-Ro,19.87,4751.0,1395.6,Conventional (HFO/MGO),Rough,299.8
Container,15.73,5614.7,748.1,Ammonia,Calm,103.8
Handymax,13.2,3623.1,784.2,Conventional (HFO/MGO),Calm,50.0
Handymax,16.49,4613.9,565.5,Methanol,Calm,55.4
Handymax,13.56,5900.9,521.2,Conventional (HFO/MGO),Calm,50.0
Feeder,10.35,988.1,2067.3,Methanol,Calm,50.0
Container,14.92,9360.7,498.3,Hydrogen,Calm,67.7
Feeder,11.72,910.1,2047.7,Ammonia,Calm,50.0
Panamax,16.77,6408.6,1638.3,Hydrogen,Calm,191.7
Handymax,15.6,3709.4,1249.4,Ammonia,Calm,92.1
Handymax,12.99,3462.2,1454.4,Hydrogen,Calm,59.7
Feeder,10.01,655.9,1565.1,Hydrogen,Calm,50.0
Handymax,10.12,3318.0,1658.9,Conventional (HFO/MGO),Rough,50.0
Feeder,16.5,896.9,1323.2,Methanol,Rough,53.8
Panamax,13.21,2560.6,1225.8,Ammonia,Rough,109.5
Handymax,11.52,4778.7,1291.9,Ammonia,Calm,50.0
Container,17.67,5325.2,421.2,Hydrogen,Rough,107.3
Container,19.67,10362.9,483.1,Ammonia,Moderate,178.4
Ro-Ro,12.35,5657.5,1930.8,Conventional (HFO/MGO),Moderate,107.0
Tanker,11.26,3860.5,2148.7,Ammonia,Moderate,114.3
Tanker,15.87,5131.7,820.1,Ammonia,Rough,151.1
Panamax,14.73,3943.4,818.6,LNG,Rough,93.4
Feeder,17.54,1902.3,1073.4,Methanol,Calm,50.0
Container,13.0,3616.3,485.2,LNG,Calm,50.0
Feeder,10.99,1772.8,1953.0,Ammonia,Calm,50.0
Container,18.13,5155.8,1657.8,Ammonia,Moderate,522.5
Tanker,10.07,10323.8,809.2,Conventional (HFO/MGO),Calm,50.0
Panamax,11.08,1959.3,1004.9,Ammonia,Moderate,50.0
Ro-Ro,11.4,3776.9,870.3,Ammonia,Calm,50.0
Feeder,12.54,2386.8,450.3,Hydrogen,Moderate,50.0
Container,13.19,11553.2,2007.7,Methanol,Moderate,247.5
Feeder,14.03,1590.1,1969.1,Conventional (HFO/MGO),Calm,50.0
Ro-Ro,11.8,5501.3,699.7,Hydrogen,Moderate,50.0
Panamax,13.13,2154.0,241.5,Hydrogen,Calm,50.0
Tanker,12.19,4505.3,2094.6,LNG,Calm,141.1
Panamax,11.0,7494.1,353.2,Methanol,Moderate,50.0
Feeder,15.21,2446.5,1013.6,Ammonia,Moderate,50.0
Feeder,14.09,1275.6,679.1,Methanol,Calm,50.0
Handymax,10.02,4238.1,1593.3,Methanol,Moderate,50.0
Container,12.65,9105.2,1795.9,Conventional (HFO/MGO),Moderate,182.0
Ro-Ro,17.66,6236.0,1662.9,Hydrogen,Calm,202.6
Feeder,14.22,2835.3,836.2,LNG,Calm,50.0
Ro-Ro,18.39,2391.9,886.9,LNG,Calm,102.2
Handymax,12.12,2820.7,792.9,Conventional (HFO/MGO),Moderate,50.0
Tanker,10.34,9445.2,1769.9,LNG,Rough,100.9
Tanker,16.22,4452.4,1970.8,LNG,Calm,263.6
Ro-Ro,18.53,7785.0,286.3,Ammonia,Calm,50.0
Ro-Ro,15.26,3465.4,1770.4,Methanol,Calm,147.2
Panamax,17.04,3866.6,535.2,Ammonia,Calm,79.8
Feeder,10.37,3454.8,1526.2,Methanol,Moderate,50.0
Ro-Ro,12.8,2436.8,1975.2,Ammonia,Rough,104.7
Container,15.36,9639.9,1884.3,Conventional (HFO/MGO),Calm,289.5
Handymax,16.66,3504.9,1345.4,Hydrogen,Rough,138.8
Handymax,14.94,5371.8,1390.3,Hydrogen,Moderate,107.6
Panamax,12.32,1770.0,1151.5,Hydrogen,Moderate,50.0
Panamax,19.49,3816.9,1193.3,Hydrogen,Rough,252.1
Tanker,14.73,3791.7,1339.9,Ammonia,Calm,147.7
Ro-Ro,12.74,3477.2,1971.6,LNG,Calm,82.6
Ro-Ro,11.07,2456.9,2059.1,Methanol,Moderate,63.9
Feeder,15.73,2452.9,2150.2,LNG,Calm,58.1
Feeder,16.7,1907.3,1307.5,LNG,Calm,50.0
Handymax,14.43,4212.9,1672.2,LNG,Moderate,106.6
Ro-Ro,16.93,5914.5,1604.4,Methanol,Moderate,214.0
Tanker,16.12,2616.9,598.9,Conventional (HFO/MGO),Moderate,83.8
Feeder,17.9,1164.4,190.1,Methanol,Calm,50.0
Panamax,18.76,5871.5,672.8,Hydrogen,Moderate,130.2
Handymax,15.53,1413.3,1824.9,Hydrogen,Moderate,113.3
Feeder,14.81,1100.9,546.2,Hydrogen,Moderate,50.0
Container,18.25,10042.8,1053.2,Methanol,Calm,317.6
Container,20.85,13187.1,463.3,Ammonia,Moderate,214.0
Feeder,11.61,2476.9,1527.3,LNG,Moderate,50.0
Ro-Ro,11.21,2431.7,1212.4,Methanol,Calm,50.0
Tanker,10.75,2571.3,1636.8,Methanol,Calm,77.0
Feeder,12.11,2079.8,1145.7,Methanol,Calm,50.0
Handymax,15.5,1320.5,1434.1,Methanol,Calm,110.1
Ro-Ro,19.97,3077.4,2021.4,LNG,Rough,423.6
Feeder,13.05,2974.4,1418.5,LNG,Moderate,50.0
Ro-Ro,11.75,1663.0,713.5,Ammonia,Moderate,50.0
Panamax,12.98,4479.0,1749.5,Hydrogen,Moderate,116.7
Tanker,15.63,9785.8,1506.7,LNG,Calm,236.9
Ro-Ro,18.76,3549.8,559.2,LNG,Moderate,74.3
Ro-Ro,16.16,6511.0,1861.7,LNG,Calm,204.6
Handymax,13.9,2324.3,1987.1,Methanol,Rough,135.5
Handymax,15.81,2454.9,1452.1,Hydrogen,Calm,99.5
Panamax,17.36,3623.2,1072.6,Ammonia,Rough,200.6
Ro-Ro,18.82,3802.6,1576.8,Ammonia,Moderate,264.0
Panamax,11.52,2694.7,1413.9,LNG,Moderate,61.9
Handymax,10.76,1283.0,1753.4,Methanol,Moderate,50.0
Panamax,15.07,7482.7,501.8,Conventional (HFO/MGO),Calm,54.8
Panamax,20.52,8326.6,1686.3,Methanol,Calm,513.2
Panamax,15.34,8727.4,1487.6,Ammonia,Calm,202.1
Feeder,10.52,1665.0,1620.0,Hydrogen,Calm,50.0
Panamax,18.76,4918.5,2111.6,Hydrogen,Rough,404.1
Ro-Ro,17.96,3156.1,1877.8,Conventional (HFO/MGO),Moderate,248.1
Feeder,14.26,3289.3,589.4,Methanol,Rough,50.0
Feeder,17.36,1803.3,299.8,Hydrogen,Moderate,50.0
Handymax,14.67,5509.2,543.7,LNG,Moderate,50.0
Tanker,17.48,4597.4,2065.6,Conventional (HFO/MGO),Moderate,372.0
Container,16.41,11961.2,1538.9,Methanol,Moderate,395.0
Feeder,10.69,2464.0,1001.3,LNG,Moderate,50.0
Panamax,17.84,5495.9,2142.7,Methanol,Calm,350.0
Container,20.89,9702.7,1028.2,Conventional (HFO/MGO),Moderate,413.5
Tanker,14.25,2566.7,1990.6,LNG,Moderate,183.9
Panamax,18.92,4909.3,393.2,Ammonia,Calm,79.2
Ro-Ro,17.91,2908.4,548.6,Ammonia,Rough,89.4
Container,16.16,5299.3,1538.6,Methanol,Rough,311.1
Tanker,13.97,9261.3,1335.1,Methanol,Moderate,150.5
Ro-Ro,11.57,6188.6,1394.9,LNG,Calm,50.8
Ro-Ro,16.71,5671.1,297.9,Ammonia,Rough,50.0
Tanker,12.78,7584.4,1858.4,Methanol,Moderate,168.7
Container,15.53,7180.1,1823.5,Hydrogen,Calm,235.7
Container,16.89,10239.1,444.6,Hydrogen,Calm,85.3
Tanker,16.83,5648.0,1130.0,Hydrogen,Calm,151.6
Container,20.56,4541.9,1427.4,Ammonia,Calm,450.7
Feeder,10.82,1248.6,1781.0,Conventional (HFO/MGO),Calm,50.0
Handymax,15.17,3824.1,1687.8,Ammonia,Calm,124.4
Ro-Ro,18.48,5959.6,1888.9,Methanol,Moderate,286.7
Panamax,19.73,4675.1,2170.6,Ammonia,Rough,592.0
Feeder,11.8,2463.4,377.9,Conventional (HFO/MGO),Moderate,50.0
Handymax,17.62,4868.5,985.8,Ammonia,Calm,114.4
Ro-Ro,16.05,6891.8,1278.1,Conventional (HFO/MGO),Moderate,131.7
Panamax,15.35,4784.1,510.7,Ammonia,Moderate,60.7
Feeder,16.13,749.2,1306.0,Methanol,Calm,50.0
Ro-Ro,12.53,6925.1,2197.0,Conventional (HFO/MGO),Moderate,122.4
Panamax,19.97,5539.0,222.3,Hydrogen,Moderate,53.7
Container,17.1,5868.2,950.5,LNG,Moderate,187.2
Container,20.69,3109.6,1828.0,Ammonia,Moderate,690.7
Feeder,16.68,1889.4,476.9,Methanol,Calm,50.0
Tanker,11.61,8589.8,1105.2,Hydrogen,Moderate,78.8
Ro-Ro,19.1,2437.6,1556.6,Ammonia,Calm,193.3
Feeder,12.35,1197.9,1030.6,Hydrogen,Moderate,50.0
Panamax,14.02,4306.2,1350.4,Conventional (HFO/MGO),Calm,100.4
Ro-Ro,15.29,6362.5,1143.8,Ammonia,Moderate,110.0
Container,14.75,13880.8,1931.4,LNG,Moderate,340.8
Feeder,11.4,2850.6,1823.4,Conventional (HFO/MGO),Moderate,50.0
Feeder,14.47,1213.0,778.2,Conventional (HFO/MGO),Rough,50.0
Feeder,12.0,2026.8,275.8,Conventional (HFO/MGO),Moderate,50.0
Feeder,12.34,1149.8,2068.1,LNG,Calm,50.0
Ro-Ro,17.32,1968.1,296.9,LNG,Moderate,50.0
Feeder,12.84,3380.3,363.9,LNG,Calm,50.0
Ro-Ro,16.84,5267.4,1229.1,LNG,Moderate,135.0
Feeder,10.34,1350.9,1553.1,Hydrogen,Calm,50.0
Tanker,16.4,3571.1,1635.5,LNG,Moderate,267.7
Feeder,16.44,1300.4,2006.9,LNG,Moderate,65.4
Ro-Ro,15.56,4497.0,1012.0,Hydrogen,Moderate,84.1
Container,15.0,8455.5,1557.0,Ammonia,Moderate,270.1
Container,20.39,5280.1,576.5,LNG,Moderate,177.9
Panamax,11.52,6048.1,2144.9,Conventional (HFO/MGO),Moderate,115.1
Container,14.88,13951.0,1304.7,Ammonia,Calm,265.0
Panamax,18.79,2277.2,1906.9,LNG,Moderate,330.2
Handymax,12.07,3700.8,1892.3,Ammonia,Calm,71.9
Ro-Ro,13.18,6272.4,1100.9,LNG,Moderate,66.6
Handymax,16.85,1309.3,363.4,LNG,Calm,50.0
Ro-Ro,15.29,2773.9,285.7,Methanol,Moderate,50.0
Ro-Ro,19.36,6146.4,1371.7,Ammonia,Moderate,280.5
Tanker,18.68,6496.4,1415.0,Ammonia,Moderate,399.4
Panamax,17.53,6190.1,906.0,Methanol,Calm,146.7
Handymax,18.27,5500.7,887.9,Methanol,Calm,120.5
Container,17.56,7157.1,403.8,Hydrogen,Moderate,101.1
Tanker,18.27,8732.9,2054.9,LNG,Moderate,515.3
Handymax,18.64,6296.0,1828.7,Ammonia,Moderate,315.1
Feeder,17.51,1472.5,1701.3,LNG,Rough,80.7
Feeder,14.44,2077.3,2174.7,Ammonia,Calm,56.4
Tanker,16.2,6290.4,420.7,Ammonia,Moderate,68.6
Ro-Ro,14.64,5127.1,1966.6,Hydrogen,Rough,177.2
Handymax,12.51,3645.6,600.8,Hydrogen,Moderate,50.0
Feeder,12.18,962.5,436.1,LNG,Moderate,50.0
Panamax,20.99,3671.4,1986.9,Conventional (HFO/MGO),Moderate,570.0
Container,13.99,12287.0,1847.3,Methanol,Calm,276.3
Feeder,17.27,2526.8,234.0,Methanol,Rough,50.0
Ro-Ro,12.08,6767.2,1477.4,Hydrogen,Calm,66.4
Container,21.38,10305.3,741.5,Methanol,Rough,405.9
Ro-Ro,14.63,2163.5,1556.7,Methanol,Calm,101.2
Ro-Ro,17.91,2758.0,1617.8,Ammonia,Calm,193.7
Handymax,18.43,3013.2,689.5,Methanol,Rough,98.7
Feeder,17.29,2151.7,1084.2,Ammonia,Moderate,54.0
Handymax,12.95,5140.9,735.0,Ammonia,Moderate,50.0
Ro-Ro,15.04,3966.4,669.6,Ammonia,Calm,62.6
Panamax,15.19,3630.7,1665.2,Ammonia,Calm,169.7
Container,12.9,7443.9,1332.3,Ammonia,Calm,144.4
Handymax,13.11,5512.8,1034.8,LNG,Calm,50.7
Ro-Ro,12.06,7180.0,820.7,Ammonia,Rough,57.0
Tanker,14.68,3822.9,1693.6,Conventional (HFO/MGO),Moderate,190.7
Ro-Ro,17.38,3143.5,2197.3,Conventional (HFO/MGO),Moderate,235.9
Container,18.48,7706.4,636.5,Ammonia,Moderate,176.4
Tanker,10.47,8854.1,471.3,Ammonia,Calm,50.0
Container,19.34,8281.1,1928.4,Conventional (HFO/MGO),Calm,563.5
Panamax,15.29,3915.4,940.4,Methanol,Moderate,97.0
Ro-Ro,16.87,4788.4,490.0,Methanol,Calm,59.8
Tanker,18.11,7683.6,1536.6,Hydrogen,Calm,312.1
Handymax,13.19,2458.8,323.6,LNG,Moderate,50.0
Panamax,12.82,8819.2,1751.1,LNG,Rough,173.2
Container,17.27,4037.2,820.1,Ammonia,Calm,155.8
Feeder,11.14,2612.1,403.1,Conventional (HFO/MGO),Calm,50.0
Container,13.53,3804.5,622.1,Hydrogen,Moderate,59.3
Feeder,17.25,2703.2,528.9,Conventional (HFO/MGO),Calm,50.0
Panamax,13.5,7561.3,1846.7,Hydrogen,Moderate,145.3
Feeder,15.82,2491.0,297.2,Ammonia,Moderate,50.0
Tanker,15.22,6064.3,1022.1,Ammonia,Moderate,149.0
Tanker,12.05,2140.6,1419.2,Methanol,Rough,105.3
Panamax,20.4,5412.1,602.3,LNG,Calm,145.6
Container,19.27,9432.2,1477.8,Conventional (HFO/MGO),Moderate,507.9
Panamax,12.66,2505.3,1657.7,Conventional (HFO/MGO),Calm,96.9
Tanker,11.06,3300.2,1192.2,Conventional (HFO/MGO),Moderate,53.9
Tanker,15.55,9828.9,790.4,Conventional (HFO/MGO),Calm,127.2
Tanker,17.98,6016.3,1222.9,Conventional (HFO/MGO),Moderate,254.8
Handymax,10.69,3508.3,347.9,Hydrogen,Calm,50.0
Tanker,16.07,7976.6,276.6,Hydrogen,Rough,50.0
Tanker,16.66,8080.9,1049.7,Ammonia,Moderate,205.1
Container,20.72,3679.8,1176.1,Conventional (HFO/MGO),Moderate,412.6
Feeder,11.89,2073.8,662.9,Methanol,Moderate,50.0
Feeder,11.92,1260.0,1122.1,Hydrogen,Calm,50.0
Tanker,14.39,4155.5,1299.3,LNG,Rough,148.2
Feeder,10.5,928.0,1300.5,LNG,Moderate,50.0
Handymax,12.87,2734.9,2114.7,Conventional (HFO/MGO),Calm,86.1
Tanker,11.21,3012.7,985.3,LNG,Calm,50.0
Panamax,16.02,2355.1,1918.6,Hydrogen,Calm,189.7
Ro-Ro,14.91,3062.8,1861.4,Ammonia,Calm,154.2
Container,17.38,12320.2,1645.0,Methanol,Rough,526.7
Panamax,16.0,8910.4,2116.3,Hydrogen,Moderate,294.7
Panamax,13.6,8103.2,172.2,Methanol,Calm,50.0
Feeder,14.49,1022.0,364.8,Methanol,Calm,50.0
Feeder,15.54,1194.5,870.4,Conventional (HFO/MGO),Calm,50.0
Container,13.64,5671.0,1568.7,Ammonia,Calm,163.6
Tanker,15.47,9652.1,996.8,Ammonia,Calm,164.4
Container,14.69,6990.0,1190.7,Conventional (HFO/MGO),Calm,163.6
Panamax,14.26,3209.1,1578.2,Conventional (HFO/MGO),Moderate,151.1
Feeder,13.4,3407.5,259.9,Conventional (HFO/MGO),Calm,50.0
Handymax,14.16,2119.1,1213.4,Conventional (HFO/MGO),Rough,85.0
Ro-Ro,18.43,4545.7,1959.4,Conventional (HFO/MGO),Calm,286.1
Ro-Ro,12.55,5884.1,1444.6,Ammonia,Moderate,82.8
Ro-Ro,12.16,6776.5,278.5,Methanol,Calm,50.0
Feeder,14.78,1504.9,1480.0,LNG,Calm,50.0
Handymax,13.0,2408.2,437.4,Methanol,Moderate,50.0
Handymax,13.03,3662.7,1590.3,LNG,Calm,67.2
Container,21.22,9277.0,454.7,Hydrogen,Rough,197.7
Tanker,11.49,4057.7,1409.4,Methanol,Calm,86.3
Container,17.64,4204.4,468.2,LNG,Calm,93.9
Panamax,20.47,6396.7,1726.0,Methanol,Moderate,443.9
Handymax,16.5,1706.8,1484.6,Ammonia,Calm,117.0
Handymax,17.51,1962.4,302.0,Hydrogen,Rough,50.0
Panamax,18.21,7025.4,1204.7,Conventional (HFO/MGO),Moderate,218.5
Handymax,16.8,5716.3,808.6,LNG,Calm,80.0
Ro-Ro,13.53,1543.6,1766.2,Conventional (HFO/MGO),Calm,85.9
Handymax,17.54,6294.0,902.9,Methanol,Calm,107.7
Ro-Ro,11.48,7348.1,160.9,LNG,Moderate,50.0
Tanker,12.61,8989.6,1655.4,Hydrogen,Calm,115.5
Panamax,18.57,4153.6,849.8,Ammonia,Calm,159.2
Panamax,11.24,2900.7,1907.1,Conventional (HFO/MGO),Moderate,83.9
Container,18.86,3589.7,1582.9,Hydrogen,Calm,329.8
Feeder,16.96,1159.7,1660.1,Ammonia,Calm,58.6
Ro-Ro,12.53,6047.7,894.8,Conventional (HFO/MGO),Calm,50.0
Panamax,14.94,5535.7,1215.9,Methanol,Moderate,130.3
Ro-Ro,13.72,4716.6,157.5,Ammonia,Rough,50.0
Ro-Ro,19.98,5340.1,402.2,LNG,Calm,70.2
Handymax,13.88,2496.7,1317.9,Ammonia,Calm,74.1
Tanker,10.14,11025.4,1773.3,Ammonia,Calm,100.5
Tanker,15.42,6621.4,251.9,Hydrogen,Calm,50.0
Feeder,11.93,1797.2,486.5,Conventional (HFO/MGO),Moderate,50.0
Tanker,10.45,5423.0,1886.2,Ammonia,Calm,89.0
Ro-Ro,14.12,3369.0,1488.1,Methanol,Calm,98.5
Handymax,11.0,4958.3,1033.8,Methanol,Calm,50.0
Panamax,16.93,7911.8,1264.9,Hydrogen,Calm,186.7
Handymax,13.89,3388.7,1653.3,Conventional (HFO/MGO),Calm,93.9
Panamax,20.93,3664.2,1999.0,Ammonia,Moderate,510.6
Ro-Ro,12.97,5120.6,1288.4,LNG,Moderate,67.5
Tanker,13.44,10710.1,2143.0,LNG,Moderate,275.7
Tanker,11.88,6458.5,635.2,Conventional (HFO/MGO),Rough,58.2
Container,15.01,7063.4,1125.9,Methanol,Moderate,179.8
Feeder,11.02,1434.9,2186.9,Ammonia,Calm,50.0
Handymax,13.54,1640.8,157.7,Hydrogen,Calm,50.0
Panamax,18.78,7088.1,446.9,LNG,Calm,84.6
Tanker,12.15,8294.9,858.2,LNG,Moderate,64.8
Feeder,12.41,1102.1,2155.8,Ammonia,Calm,50.0
Container,17.65,5358.6,440.0,Hydrogen,Moderate,97.6
Feeder,15.68,3253.7,2140.3,Hydrogen,Moderate,75.5
Feeder,14.87,2352.5,522.0,Methanol,Moderate,50.0
Handymax,17.51,3225.3,1231.2,LNG,Moderate,120.7
Ro-Ro,16.4,3741.6,1492.8,LNG,Calm,137.2
Tanker,13.76,4410.8,945.0,Hydrogen,Moderate,78.2
Ro-Ro,19.0,4520.3,1522.5,Hydrogen,Calm,219.0
Feeder,16.21,714.7,592.2,Methanol,Calm,50.0
Panamax,14.64,4711.0,1076.2,Methanol,Rough,126.7
Feeder,16.73,1257.2,700.8,Ammonia,Moderate,50.0
Ro-Ro,17.72,2519.8,689.2,LNG,Calm,66.8
Tanker,14.78,10269.6,1816.5,Hydrogen,Calm,234.0
Ro-Ro,15.53,2356.7,1024.9,LNG,Moderate,89.3
Handymax,15.87,4147.6,261.4,Methanol,Calm,50.0
Ro-Ro,18.83,3133.8,1623.7,Ammonia,Moderate,257.3
Feeder,14.38,2022.1,780.7,Conventional (HFO/MGO),Calm,50.0
Ro-Ro,17.23,5321.0,521.0,Methanol,Rough,75.1
Panamax,12.18,7822.5,2012.1,Ammonia,Moderate,140.2
Tanker,16.42,6634.8,1020.2,LNG,Rough,185.7
Tanker,18.13,4312.1,463.0,Methanol,Calm,91.0
Feeder,10.92,2092.1,1312.9,Ammonia,Moderate,50.0
Handymax,13.12,2638.9,1341.5,Ammonia,Calm,64.7
Handymax,11.33,6163.9,290.0,Conventional (HFO/MGO),Moderate,50.0
Ro-Ro,13.0,3511.6,1189.0,Conventional (HFO/MGO),Calm,56.1
Handymax,10.23,1308.2,858.3,LNG,Calm,50.0
Ro-Ro,15.77,5298.0,1583.5,Conventional (HFO/MGO),Moderate,164.7
Feeder,12.58,2454.9,536.1,Hydrogen,Moderate,50.0
Tanker,11.58,8824.1,1660.8,Hydrogen,Moderate,120.6
Ro-Ro,13.61,5677.4,989.3,Conventional (HFO/MGO),Moderate,66.5
Container,19.41,8263.8,1212.8,Hydrogen,Calm,307.1
Container,17.13,11359.1,2195.9,Ammonia,Moderate,572.0
Panamax,13.37,2139.0,1079.4,Hydrogen,Moderate,74.5
Panamax,17.55,6051.5,735.8,Hydrogen,Moderate,117.5
Tanker,10.81,3617.0,581.6,LNG,Moderate,50.0
Handymax,17.75,4030.8,2042.4,LNG,Moderate,234.1
Container,21.43,9915.0,1246.3,Ammonia,Moderate,696.4
Ro-Ro,15.62,2726.6,269.3,Hydrogen,Calm,50.0
Panamax,19.92,3130.2,805.2,LNG,Calm,157.4
Handymax,14.79,5768.9,2190.5,Hydrogen,Moderate,159.2
Ro-Ro,16.22,3368.2,1757.9,LNG,Calm,138.4
Tanker,15.48,9010.0,156.9,Conventional (HFO/MGO),Moderate,50.0
Tanker,10.35,2388.5,1421.4,Hydrogen,Moderate,50.0
Handymax,18.54,2934.8,965.7,Methanol,Rough,140.6
Panamax,11.12,4713.7,464.5,Hydrogen,Moderate,50.0
Tanker,11.47,5689.1,674.4,Conventional (HFO/MGO),Calm,50.0
Container,16.66,6788.1,724.7,Conventional (HFO/MGO),Calm,126.4
Panamax,19.13,4192.5,1393.8,Hydrogen,Rough,302.5
Handymax,12.42,5930.0,1823.6,Ammonia,Moderate,94.8
Tanker,13.97,7932.3,1582.6,Ammonia,Moderate,186.2
Tanker,13.14,5138.0,1683.4,Conventional (HFO/MGO),Moderate,140.7
Handymax,15.36,1871.8,1452.7,Hydrogen,Rough,104.8
Panamax,20.99,3898.9,1632.7,Ammonia,Moderate,427.9
Handymax,12.21,2087.9,1444.5,LNG,Calm,50.5
Container,16.82,12375.2,1058.5,Methanol,Calm,264.4
Container,13.41,9752.8,575.9,Hydrogen,Moderate,61.3
Feeder,11.97,1207.7,373.9,Hydrogen,Moderate,50.0
Tanker,12.99,8197.6,614.3,Methanol,Rough,71.2
Feeder,11.92,777.5,1110.9,Conventional (HFO/MGO),Calm,50.0
Ro-Ro,13.1,3927.1,551.8,Methanol,Calm,50.0
Panamax,12.89,8553.9,1516.9,Conventional (HFO/MGO),Rough,146.1
Container,15.99,3784.3,1799.6,Ammonia,Calm,277.6
Handymax,15.55,3686.7,874.9,Ammonia,Calm,67.0
Handymax,12.3,2526.8,2011.3,Conventional (HFO/MGO),Moderate,75.3
Ro-Ro,11.48,6404.6,273.9,Ammonia,Calm,50.0
Panamax,20.14,6010.6,596.6,Ammonia,Calm,165.4
Container,12.23,10150.1,1407.5,LNG,Rough,148.4
Container,17.63,4269.1,1432.4,LNG,Moderate,293.8
Handymax,17.81,3626.6,1240.3,LNG,Moderate,135.2
Handymax,17.24,5629.6,259.2,Conventional (HFO/MGO),Calm,50.0
Handymax,13.44,4104.1,1591.8,Hydrogen,Moderate,78.8
Panamax,15.39,7506.5,1293.4,Conventional (HFO/MGO),Calm,155.1
Tanker,14.58,3518.4,1661.7,LNG,Moderate,201.6
Feeder,13.49,1171.4,2127.2,LNG,Calm,50.0
Tanker,11.42,5907.1,238.4,Hydrogen,Moderate,50.0
Container,22.89,4213.7,954.5,Methanol,Rough,563.2
Panamax,17.79,7271.4,1722.1,LNG,Moderate,306.9
Feeder,14.92,2100.8,638.0,Conventional (HFO/MGO),Calm,50.0
Handymax,13.51,3059.0,387.3,Methanol,Rough,50.0
Ro-Ro,14.81,3733.6,1381.3,Conventional (HFO/MGO),Moderate,99.5
Feeder,10.83,1331.8,185.6,Hydrogen,Moderate,50.0
Ro-Ro,12.5,4936.4,778.7,Hydrogen,Calm,50.0
Ro-Ro,14.09,3591.4,1617.3,Conventional (HFO/MGO),Calm,100.4
Handymax,17.37,2858.5,1510.9,Ammonia,Calm,147.8
Feeder,11.41,1385.8,1791.5,Methanol,Rough,50.0
Ro-Ro,17.76,6026.7,1717.9,Methanol,Calm,227.0
Tanker,11.37,6126.1,266.1,Ammonia,Calm,50.0
Tanker,14.88,2292.7,1990.2,Conventional (HFO/MGO),Moderate,210.5
Container,13.14,12266.3,1616.3,Hydrogen,Calm,166.6
Feeder,15.03,1012.2,1624.5,Conventional (HFO/MGO),Calm,50.0
Feeder,17.95,1474.2,1405.7,Methanol,Moderate,73.1
Feeder,14.44,2881.5,831.8,LNG,Calm,50.0
Ro-Ro,14.43,3546.4,1809.5,LNG,Rough,153.2
Container,16.29,2519.8,506.6,Hydrogen,Calm,63.5
Handymax,11.23,1745.3,934.3,Hydrogen,Calm,50.0
Container,14.82,7553.8,1704.1,Conventional (HFO/MGO),Rough,287.0
Handymax,18.17,3694.7,1448.4,Hydrogen,Calm,165.0
Handymax,11.33,5442.3,263.5,LNG,Moderate,50.0
Handymax,10.63,3256.4,853.6,Methanol,Rough,50.0
Handymax,14.64,4605.2,1631.3,Hydrogen,Calm,105.7
Handymax,14.59,5854.2,1399.6,Conventional (HFO/MGO),Moderate,103.2
Container,12.82,13073.8,2000.7,Conventional (HFO/MGO),Moderate,253.9
Tanker,16.89,8869.4,607.0,Ammonia,Moderate,135.1
Panamax,16.61,5564.1,1580.3,Ammonia,Moderate,259.4
Container,13.39,9698.6,200.6,Conventional (HFO/MGO),Calm,50.0
Ro-Ro,11.04,3597.1,1714.8,Hydrogen,Calm,50.0
Container,14.22,10879.6,361.2,Methanol,Moderate,57.8
Panamax,12.43,8059.2,511.1,Conventional (HFO/MGO),Calm,50.0
Handymax,14.01,5729.4,1511.9,Hydrogen,Moderate,89.7
Ro-Ro,19.56,7721.1,716.1,Conventional (HFO/MGO),Moderate,140.8
Panamax,18.71,8566.7,845.4,Methanol,Moderate,198.6
Container,18.92,8692.0,1716.4,LNG,Rough,569.8
Handymax,11.31,1941.3,1081.2,LNG,Rough,50.0
Ro-Ro,14.39,3190.1,1860.2,Hydrogen,Moderate,113.8
Handymax,14.49,2103.7,1140.6,Ammonia,Moderate,74.5
Panamax,16.33,4593.7,1910.4,Ammonia,Moderate,261.2
Feeder,12.9,1552.9,520.3,Conventional (HFO/MGO),Moderate,50.0
Container,18.17,4982.2,1461.3,LNG,Moderate,345.2
Feeder,13.92,960.1,1206.2,Conventional (HFO/MGO),Moderate,50.0
Tanker,18.51,2814.0,1954.0,Methanol,Moderate,403.7
Tanker,11.4,11249.3,629.1,Conventional (HFO/MGO),Rough,56.8
Panamax,17.2,2976.3,1028.2,Methanol,Rough,189.6
Tanker,18.95,2898.3,1239.3,Ammonia,Calm,336.7
Container,21.87,13158.3,587.4,Ammonia,Moderate,325.2
Panamax,12.91,2908.5,174.9,Ammonia,Calm,50.0
Panamax,19.68,6592.0,671.7,Conventional (HFO/MGO),Moderate,155.4
Feeder,12.58,1955.2,932.3,Hydrogen,Calm,50.0
Ro-Ro,17.78,3395.2,1213.4,Hydrogen,Moderate,132.4
Handymax,13.39,2462.1,918.0,Conventional (HFO/MGO),Calm,50.0
Container,20.71,10085.9,962.6,Hydrogen,Rough,400.7
Container,14.28,8630.2,1363.0,Methanol,Moderate,194.8
Ro-Ro,19.54,4929.0,2130.2,Ammonia,Rough,434.6
Tanker,11.61,4361.5,759.9,Hydrogen,Moderate,50.0
Tanker,10.26,8645.4,1973.0,LNG,Rough,122.9
Feeder,16.82,871.6,2147.2,LNG,Moderate,67.3
Tanker,10.16,7627.5,998.4,Conventional (HFO/MGO),Moderate,51.2
Handymax,12.03,3798.2,484.1,Methanol,Moderate,50.0
Container,16.94,5075.0,1864.6,Ammonia,Moderate,366.2
Ro-Ro,18.88,2675.6,973.5,Methanol,Moderate,135.6
Feeder,12.82,1051.4,312.3,Ammonia,Moderate,50.0
Handymax,11.05,2386.7,586.6,LNG,Moderate,50.0
Ro-Ro,11.29,4742.4,1562.4,LNG,Moderate,52.0
Ro-Ro,15.25,7104.9,1474.3,Ammonia,Calm,156.3
Ro-Ro,16.88,2409.3,1046.9,Methanol,Rough,114.7
Handymax,12.32,3835.2,1833.6,Conventional (HFO/MGO),Moderate,83.5
Feeder,13.13,1155.4,597.0,Methanol,Moderate,50.0
Feeder,17.09,2315.4,245.5,LNG,Moderate,50.0
Panamax,17.82,1832.0,571.8,Ammonia,Calm,86.7
Handymax,16.73,3966.9,821.1,Methanol,Calm,78.0
Tanker,14.96,11410.9,641.4,Methanol,Moderate,107.9
Feeder,10.09,2174.2,484.6,Hydrogen,Calm,50.0
Panamax,15.71,3576.9,2104.6,LNG,Calm,221.6
Panamax,17.64,3665.8,1282.5,Ammonia,Calm,200.5
Panamax,18.58,7904.9,559.2,Methanol,Calm,119.8
Handymax,13.39,4217.1,1186.6,Methanol,Rough,78.5
Tanker,12.72,8216.6,674.9,Conventional (HFO/MGO),Calm,65.3
Tanker,18.46,4803.0,550.8,Hydrogen,Calm,95.7
Handymax,14.17,4460.6,2023.3,Ammonia,Moderate,148.1
Ro-Ro,14.62,3765.2,2157.6,Hydrogen,Calm,139.2
Tanker,11.61,8193.5,1689.6,Conventional (HFO/MGO),Moderate,117.7
Handymax,14.23,3620.5,1729.8,Conventional (HFO/MGO),Moderate,117.4
Panamax,14.66,6352.0,1681.9,Hydrogen,Rough,194.5
Container,16.32,9483.2,2019.6,Hydrogen,Rough,408.2
Feeder,16.04,2114.4,2005.5,LNG,Calm,63.5
Container,14.15,3614.3,1590.6,Hydrogen,Calm,147.0
Feeder,13.81,1471.5,2166.9,Methanol,Moderate,50.8
Handymax,15.26,5710.6,1346.8,Hydrogen,Moderate,100.7
Ro-Ro,17.63,3742.5,1643.9,LNG,Rough,227.3
Panamax,17.67,1660.9,1763.4,Conventional (HFO/MGO),Moderate,232.9
Container,17.68,6426.3,727.1,Methanol,Calm,183.0
Container,15.57,4953.8,1025.6,Conventional (HFO/MGO),Calm,168.7
Handymax,15.99,2485.0,1118.0,Conventional (HFO/MGO),Calm,82.3
Handymax,12.0,6256.4,816.8,Ammonia,Moderate,50.0
Feeder,13.56,889.9,1579.0,Conventional (HFO/MGO),Calm,50.0
Ro-Ro,19.31,2502.7,1394.3,LNG,Calm,207.8
Handymax,15.9,2319.2,1324.3,Conventional (HFO/MGO),Rough,122.9
Tanker,11.29,3545.5,1099.7,Conventional (HFO/MGO),Moderate,65.5
Feeder,15.13,1543.3,1329.1,Conventional (HFO/MGO),Rough,50.0
Ro-Ro,18.26,5273.6,1690.5,Methanol,Moderate,238.0
Feeder,15.75,2274.4,1523.6,Methanol,Calm,50.0
Feeder,11.25,1428.4,670.4,LNG,Moderate,50.0
Tanker,14.62,3219.6,679.7,Hydrogen,Moderate,61.9
Panamax,13.33,3924.6,345.0,LNG,Calm,50.0
Feeder,11.0,3138.7,1510.2,Conventional (HFO/MGO),Calm,50.0
Panamax,11.99,3554.7,1913.6,Ammonia,Moderate,123.9
Container,22.39,6649.3,1615.9,LNG,Rough,894.2
Panamax,16.81,7000.5,311.8,LNG,Rough,51.8
Ro-Ro,14.06,7433.5,418.1,Methanol,Moderate,50.0
Handymax,17.18,2515.9,760.4,Ammonia,Calm,73.4
Handymax,15.08,3525.3,1624.9,Ammonia,Moderate,127.3
Feeder,12.61,2388.0,426.4,Conventional (HFO/MGO),Moderate,50.0
Panamax,11.28,4601.7,257.1,Hydrogen,Calm,50.0
Panamax,18.67,2521.6,1657.2,Methanol,Moderate,314.8
Tanker,13.02,9219.3,1748.3,Methanol,Moderate,195.2
Panamax,12.48,4770.7,155.4,Hydrogen,Calm,50.0
Ro-Ro,11.44,4527.9,1455.4,Ammonia,Rough,65.2
Container,13.61,8503.3,592.0,Conventional (HFO/MGO),Rough,77.9
Container,15.22,9282.7,1509.2,Ammonia,Calm,244.6
Tanker,13.34,9624.4,1883.5,LNG,Calm,172.7
Handymax,12.5,1512.0,1467.3,Conventional (HFO/MGO),Moderate,58.3
Handymax,11.44,5163.8,426.2,Ammonia,Calm,50.0
Feeder,11.25,1459.1,411.5,Conventional (HFO/MGO),Rough,50.0
Ro-Ro,19.97,4573.2,993.6,Methanol,Rough,196.6
Container,17.89,6502.1,1783.8,Conventional (HFO/MGO),Calm,432.3
Ro-Ro,19.75,2216.3,654.8,Hydrogen,Rough,101.9
Panamax,11.77,6626.8,1313.3,Conventional (HFO/MGO),Moderate,75.9
Ro-Ro,12.44,5528.4,1959.0,LNG,Calm,96.0
Handymax,11.55,5987.9,391.8,Conventional (HFO/MGO),Calm,50.0
Handymax,13.57,5039.3,518.9,LNG,Moderate,50.0
Handymax,16.19,2957.1,1926.5,Conventional (HFO/MGO),Rough,212.9
Feeder,11.89,2742.7,1078.5,LNG,Moderate,50.0
Panamax,12.19,5598.9,1359.9,LNG,Calm,71.9
Feeder,12.8,1378.5,1636.3,Hydrogen,Moderate,50.0
Ro-Ro,19.0,6496.6,1588.9,Conventional (HFO/MGO),Calm,276.0
Panamax,13.86,3886.7,2050.6,Methanol,Calm,178.2
Feeder,16.71,1280.6,1449.5,Methanol,Moderate,52.3
Container,14.25,11510.1,350.8,Conventional (HFO/MGO),Moderate,52.2
Tanker,15.37,7693.1,1324.7,Conventional (HFO/MGO),Moderate,205.0
Feeder,12.21,1605.6,812.3,Ammonia,Moderate,50.0
Panamax,15.46,6176.2,1849.5,Hydrogen,Moderate,204.2
Handymax,14.64,2664.5,1879.3,LNG,Calm,109.9
Container,17.88,11196.4,766.2,LNG,Calm,191.3
Ro-Ro,18.61,2557.9,1408.2,Ammonia,Moderate,214.5
Tanker,16.59,6668.7,563.0,Methanol,Calm,89.5
Ro-Ro,14.56,6041.7,1880.8,Conventional (HFO/MGO),Calm,140.0
Tanker,14.5,3194.9,1801.3,Hydrogen,Calm,146.3
Panamax,17.08,4640.0,1570.1,Hydrogen,Rough,261.6
Panamax,13.18,4634.5,1019.2,Hydrogen,Calm,65.0
Panamax,14.8,7278.1,877.1,Ammonia,Moderate,100.4
Panamax,18.04,6634.6,1139.5,LNG,Calm,200.5
Handymax,13.83,5239.8,969.4,Methanol,Moderate,68.8
Tanker,12.35,3855.6,512.6,Ammonia,Moderate,50.0
Container,14.24,12780.7,1058.5,LNG,Moderate,175.5
Container,12.74,5926.5,1119.4,Conventional (HFO/MGO),Calm,99.1
Handymax,13.16,1772.0,413.2,Conventional (HFO/MGO),Calm,50.0
Tanker,15.59,2769.6,2178.8,Ammonia,Rough,310.7
Panamax,18.21,8722.6,1746.3,Conventional (HFO/MGO),Moderate,400.7
Ro-Ro,11.66,2237.5,1853.2,Ammonia,Calm,64.7
Container,14.68,3088.1,1310.8,LNG,Calm,162.9
Panamax,20.41,6057.7,2120.5,LNG,Calm,518.0
Feeder,16.62,740.9,1432.0,Hydrogen,Moderate,50.0
Ro-Ro,13.19,1492.1,1927.2,Methanol,Moderate,93.2
Tanker,18.94,6604.4,1026.5,Hydrogen,Calm,240.9
Feeder,15.83,1455.6,418.2,Methanol,Rough,50.0
Container,19.59,7127.1,1710.0,LNG,Calm,465.2
Feeder,11.4,2888.9,932.2,Conventional (HFO/MGO),Calm,50.0
Tanker,16.46,4907.9,1677.6,Methanol,Rough,336.6
Handymax,11.14,3193.4,350.0,Ammonia,Calm,50.0
Container,21.19,7619.3,2092.1,Conventional (HFO/MGO),Moderate,816.5
Ro-Ro,15.87,3557.7,2059.4,Conventional (HFO/MGO),Rough,197.8
Tanker,15.74,6500.3,404.9,Hydrogen,Moderate,55.3
Feeder,14.12,1025.7,2057.9,LNG,Calm,50.0
Feeder,16.61,2661.8,164.4,LNG,Calm,50.0
Tanker,10.24,9711.3,460.0,Methanol,Moderate,50.0
Panamax,18.77,4142.2,1499.8,Hydrogen,Rough,308.2
Handymax,13.97,5911.8,220.5,Methanol,Calm,50.0
Handymax,11.38,2569.3,1439.6,Ammonia,Calm,50.0
Feeder,11.82,2981.8,485.1,Methanol,Moderate,50.0
Container,13.3,7202.8,874.7,Conventional (HFO/MGO),Calm,88.9
Container,22.22,4636.8,526.1,Methanol,Moderate,251.8
Container,13.04,3654.2,1694.0,Conventional (HFO/MGO),Calm,157.0
Ro-Ro,14.19,3499.5,1175.3,Conventional (HFO/MGO),Rough,94.8
Handymax,13.68,5605.3,150.4,Conventional (HFO/MGO),Moderate,50.0
Ro-Ro,14.78,4107.2,1978.5,Methanol,Moderate,167.5
Feeder,12.81,1784.6,949.2,Hydrogen,Moderate,50.0
Tanker,15.22,6894.1,1209.4,Ammonia,Moderate,169.2
Handymax,11.93,3995.7,877.0,Hydrogen,Moderate,50.0
Feeder,15.88,1696.8,1280.5,Conventional (HFO/MGO),Moderate,50.0
Panamax,13.07,2594.8,1521.8,Hydrogen,Calm,86.2
Container,15.44,13908.0,472.4,Conventional (HFO/MGO),Calm,95.8
Feeder,11.83,3165.3,434.8,Ammonia,Moderate,50.0
Container,14.72,9158.5,182.9,Methanol,Moderate,50.0
Panamax,19.97,3911.7,488.8,Conventional (HFO/MGO),Calm,96.0
Ro-Ro,15.6,4944.4,1038.5,Conventional (HFO/MGO),Calm,85.2
Ro-Ro,16.6,6400.4,604.1,LNG,Moderate,67.3
Container,22.75,6272.5,1306.8,Methanol,Calm,648.5
Handymax,12.16,6360.1,1488.7,Ammonia,Rough,82.8
Tanker,19.0,9766.4,1223.8,Methanol,Moderate,415.9
Panamax,13.57,4931.8,617.5,Conventional (HFO/MGO),Moderate,51.1
Ro-Ro,19.04,7784.4,1975.9,Hydrogen,Moderate,354.7
Feeder,11.4,963.4,801.0,Ammonia,Moderate,50.0
Handymax,17.0,2210.1,757.8,Conventional (HFO/MGO),Calm,70.0
Handymax,10.37,2321.9,195.8,Hydrogen,Moderate,50.0
Panamax,16.9,7411.6,672.7,Hydrogen,Calm,91.8
Ro-Ro,15.06,3955.3,803.6,LNG,Moderate,59.2
Tanker,17.8,9132.2,234.7,Conventional (HFO/MGO),Calm,54.4
Feeder,10.47,1139.9,1888.1,Conventional (HFO/MGO),Moderate,50.0
Panamax,18.23,6326.3,1973.1,Hydrogen,Moderate,364.0
Feeder,14.45,1296.5,323.3,Ammonia,Calm,50.0
Container,12.26,6162.3,2138.5,Conventional (HFO/MGO),Calm,177.1
Tanker,12.71,7391.0,1450.7,Methanol,Calm,117.9
Ro-Ro,17.1,6640.5,2010.4,Conventional (HFO/MGO),Calm,226.0
Panamax,19.64,3261.4,1074.2,Hydrogen,Calm,181.2
Panamax,15.31,3586.4,1886.6,Hydrogen,Moderate,179.8
Ro-Ro,18.82,5730.7,367.1,Hydrogen,Calm,50.0
Feeder,13.13,2063.8,584.4,Conventional (HFO/MGO),Calm,50.0
Feeder,15.41,910.2,1152.0,LNG,Calm,50.0
Handymax,11.78,5480.2,632.1,Conventional (HFO/MGO),Moderate,50.0
Container,15.29,12666.4,964.2,LNG,Calm,171.5
Container,20.69,13893.0,1229.5,LNG,Moderate,509.3
Feeder,13.87,1027.2,2136.9,Ammonia,Rough,52.8
Tanker,16.12,8631.4,1172.0,LNG,Calm,181.9
Panamax,12.18,7406.1,365.2,LNG,Calm,50.0
Panamax,20.48,2409.9,1964.0,LNG,Calm,401.3
Container,16.07,7532.2,568.2,Hydrogen,Moderate,93.2
Feeder,14.67,1756.6,262.1,Hydrogen,Moderate,50.0
Ro-Ro,17.1,1829.9,577.8,LNG,Moderate,52.7
Tanker,15.86,7830.7,255.6,LNG,Calm,50.0
Panamax,15.54,6458.9,1699.8,Methanol,Rough,257.0
Container,14.9,3822.4,958.2,Conventional (HFO/MGO),Rough,144.7
Tanker,14.7,11922.7,535.8,Conventional (HFO/MGO),Moderate,82.7
Tanker,15.58,6550.8,687.8,Methanol,Calm,107.2
Tanker,17.46,4459.2,1311.3,Hydrogen,Calm,201.3
Panamax,12.34,6604.7,707.1,Hydrogen,Moderate,50.0
Ro-Ro,17.76,4865.7,562.0,LNG,Rough,82.3
Container,16.58,9228.4,1400.3,Conventional (HFO/MGO),Moderate,315.7
Container,14.88,3368.1,1658.6,LNG,Calm,179.2
Tanker,17.07,2597.0,566.0,Methanol,Rough,116.2
Feeder,15.98,2766.1,689.2,Methanol,Rough,50.0
Tanker,11.48,4129.9,348.0,Ammonia,Moderate,50.0
Tanker,12.93,5078.2,467.4,LNG,Moderate,50.0
Panamax,20.27,2652.8,1235.5,Ammonia,Rough,375.8
Panamax,11.22,2292.3,1777.7,Hydrogen,Calm,65.7
Tanker,13.8,3776.5,942.7,Hydrogen,Rough,109.0
Feeder,17.67,2233.6,1258.8,Conventional (HFO/MGO),Moderate,57.3
Feeder,16.86,1273.3,910.6,Ammonia,Calm,50.0
Panamax,16.23,7781.4,1118.2,Hydrogen,Moderate,148.5
Panamax,11.42,5808.0,1467.3,Methanol,Calm,72.7
Ro-Ro,13.92,6873.3,853.9,Methanol,Moderate,73.6
Panamax,15.23,3025.8,559.1,Conventional (HFO/MGO),Moderate,55.7
Ro-Ro,14.56,3073.3,2035.9,Ammonia,Moderate,131.3
Panamax,19.71,2734.1,317.4,Hydrogen,Rough,70.6
Tanker,15.5,7704.5,1760.9,Hydrogen,Rough,293.1
Panamax,18.17,4002.8,1980.4,Hydrogen,Moderate,319.2
Panamax,20.43,2516.5,1690.9,Ammonia,Calm,394.0
Panamax,19.55,2503.6,417.9,LNG,Moderate,76.6
Handymax,12.07,5431.9,1427.7,Conventional (HFO/MGO),Moderate,57.8
Tanker,17.17,4951.6,496.8,Methanol,Calm,102.6
Container,22.49,8210.7,1396.6,Conventional (HFO/MGO),Calm,624.7
Feeder,17.46,1589.6,1753.2,Methanol,Calm,63.3
Container,18.88,9227.1,1945.8,Ammonia,Rough,639.3
Feeder,14.4,3487.4,1154.8,Conventional (HFO/MGO),Calm,50.0
Ro-Ro,12.59,2553.1,207.2,Conventional (HFO/MGO),Moderate,50.0
Tanker,14.61,5505.1,955.7,Conventional (HFO/MGO),Calm,118.5
Container,13.22,4503.8,540.1,Hydrogen,Calm,50.0
Container,14.68,3485.6,1934.7,LNG,Calm,275.8
Container,13.36,11458.6,276.2,Methanol,Moderate,50.0
Container,14.22,8164.5,2158.7,Conventional (HFO/MGO),Calm,273.4
Panamax,17.41,3619.2,1407.2,Conventional (HFO/MGO),Calm,211.9
Feeder,15.45,2394.4,1888.7,LNG,Rough,60.4
Ro-Ro,11.17,7392.6,1412.3,Hydrogen,Calm,53.5
Container,21.17,11848.5,1196.7,Hydrogen,Calm,467.5
Feeder,14.35,2036.0,1441.2,Hydrogen,Moderate,50.0
Ro-Ro,18.74,4430.4,495.5,Ammonia,Moderate,90.1
Container,21.8,3293.0,739.2,Methanol,Rough,335.1
Handymax,11.73,3217.6,1085.1,Methanol,Moderate,50.0
Handymax,15.9,4184.6,1507.3,LNG,Calm,123.8
Ro-Ro,19.56,3613.4,1392.6,LNG,Moderate,208.2
Ro-Ro,14.91,6993.9,480.0,LNG,Moderate,50.0
Panamax,18.21,1876.0,1870.9,Ammonia,Moderate,346.2
Container,13.64,8432.6,1051.9,LNG,Rough,139.6
Panamax,13.49,6381.5,249.1,Hydrogen,Calm,50.0
Panamax,14.17,7355.0,384.9,Hydrogen,Moderate,50.0
Handymax,10.32,2679.6,1398.6,Conventional (HFO/MGO),Rough,50.0
Ro-Ro,17.23,5149.1,1208.1,Hydrogen,Rough,149.2
Handymax,12.36,5492.8,2192.9,Ammonia,Rough,125.5
Feeder,10.76,2226.5,851.4,Ammonia,Moderate,50.0
Feeder,11.85,701.7,1025.9,Conventional (HFO/MGO),Moderate,50.0
Handymax,17.26,2985.3,1187.4,Hydrogen,Moderate,102.1
Tanker,16.48,6887.7,1679.2,Methanol,Calm,274.8
Tanker,17.89,4751.3,1158.6,LNG,Moderate,248.4
Ro-Ro,12.67,4592.6,2021.7,LNG,Calm,90.0
Panamax,15.52,6920.1,1065.1,Ammonia,Calm,129.9
Container,18.73,12066.1,427.6,Conventional (HFO/MGO),Rough,157.6
Handymax,18.05,5502.2,1226.0,Methanol,Calm,153.6
Tanker,17.03,5516.1,1573.9,LNG,Calm,310.4
Ro-Ro,15.53,4591.7,2181.4,LNG,Rough,205.1
Tanker,18.27,9140.7,1967.7,Conventional (HFO/MGO),Moderate,480.3
Panamax,14.89,4280.9,951.1,Hydrogen,Moderate,82.8
Feeder,15.18,1821.3,260.6,Hydrogen,Rough,50.0
Container,17.02,5904.3,1532.9,Methanol,Calm,277.1
Handymax,19.0,4214.8,285.8,Conventional (HFO/MGO),Moderate,50.0
Feeder,16.04,1816.8,1031.0,Ammonia,Rough,50.0
Feeder,13.18,1379.0,1596.1,Methanol,Moderate,50.0
Tanker,15.24,6982.6,1713.4,Methanol,Calm,269.2
Handymax,16.23,5943.4,1726.6,LNG,Calm,147.9
Container,12.64,9997.3,1806.4,LNG,Calm,160.0
Tanker,18.15,8305.4,1996.3,Methanol,Moderate,496.2
Handymax,12.05,3069.9,1691.4,Hydrogen,Calm,52.3
Container,21.64,8217.7,1873.3,LNG,Rough,1000.3
Handymax,12.04,5464.1,1830.8,Hydrogen,Calm,67.6
Panamax,12.7,7693.6,685.2,Methanol,Rough,59.9
Panamax,17.0,3725.5,1804.9,Ammonia,Moderate,272.3
Ro-Ro,11.53,7989.7,1868.4,LNG,Calm,78.2
Panamax,16.58,4412.4,931.7,Conventional (HFO/MGO),Calm,127.5
Ro-Ro,13.23,4585.2,1333.6,Methanol,Moderate,88.8
Tanker,10.35,10393.7,1938.2,LNG,Rough,122.3
Handymax,18.05,3350.4,1764.0,Hydrogen,Rough,219.7
Container,16.16,5198.8,902.5,Methanol,Moderate,155.6
Feeder,15.69,1510.5,1293.4,LNG,Calm,50.0
Tanker,16.58,8025.5,951.6,Hydrogen,Moderate,145.8
Tanker,15.25,7491.9,2019.6,Methanol,Calm,300.2
Handymax,14.97,5174.9,1632.5,LNG,Rough,136.0
Handymax,18.94,5697.6,1031.9,LNG,Calm,145.2
Handymax,18.56,5192.0,963.3,Ammonia,Calm,132.7
Handymax,11.11,1708.1,463.7,LNG,Calm,50.0
Container,16.81,8144.5,2118.3,LNG,Moderate,428.1
Container,19.91,9026.4,1167.6,Hydrogen,Moderate,368.9
Feeder,12.17,1694.6,1028.5,LNG,Moderate,50.0
Container,19.78,6528.4,166.3,LNG,Calm,55.2
Panamax,15.95,5934.3,2063.5,Conventional (HFO/MGO),Moderate,284.0
Container,20.73,5718.3,2046.2,LNG,Moderate,813.8
Handymax,18.16,6455.6,1919.2,LNG,Calm,245.8
Container,16.23,9092.8,2136.2,LNG,Calm,414.4
Handymax,13.63,1627.7,1910.1,LNG,Calm,83.3
Panamax,15.76,3827.2,970.1,LNG,Moderate,114.5
Handymax,12.99,4341.3,1998.5,Ammonia,Calm,105.3
Feeder,16.78,2295.6,1630.3,Ammonia,Moderate,65.6
Handymax,12.26,5421.2,1187.8,Ammonia,Calm,53.9
Feeder,14.55,2609.8,900.0,Hydrogen,Rough,50.0
Feeder,12.18,1670.7,2014.7,Ammonia,Calm,50.0
Ro-Ro,17.69,7050.4,1665.8,Hydrogen,Rough,285.8
Container,21.32,9136.2,359.2,Hydrogen,Calm,120.0
Container,17.98,11508.6,1867.1,Hydrogen,Calm,523.6
Container,14.5,7102.8,1274.6,Methanol,Moderate,191.2
Handymax,14.39,5657.3,1321.1,Conventional (HFO/MGO),Calm,93.2
Container,15.6,6596.5,1662.9,Conventional (HFO/MGO),Moderate,256.4
Feeder,15.76,3205.0,1995.9,Hydrogen,Moderate,69.4
Panamax,20.36,5428.3,1254.5,LNG,Rough,344.1
Panamax,18.58,7780.1,250.4,Conventional (HFO/MGO),Calm,50.4
Container,12.95,5801.1,814.3,Methanol,Calm,85.2
Feeder,15.88,738.0,1026.4,Hydrogen,Calm,50.0
Panamax,15.23,7827.6,179.4,Ammonia,Calm,50.0
Panamax,20.21,2998.2,1781.1,LNG,Calm,359.6
Handymax,18.5,4344.4,1451.8,Methanol,Calm,185.1
Panamax,19.2,3115.9,824.1,Conventional (HFO/MGO),Moderate,147.1
Feeder,10.03,1958.9,1664.7,Methanol,Calm,50.0
Container,21.99,11520.4,155.0,Conventional (HFO/MGO),Moderate,71.0
Ro-Ro,15.87,4823.6,565.1,Ammonia,Calm,50.3
Tanker,17.49,10509.0,1443.6,Hydrogen,Moderate,326.9
Tanker,17.94,11960.1,977.2,Ammonia,Moderate,299.1
Container,19.0,7594.6,1073.8,Conventional (HFO/MGO),Calm,344.9
Panamax,16.32,2603.0,1291.6,Hydrogen,Calm,123.1
Panamax,19.83,4259.6,1376.9,LNG,Rough,328.6
Feeder,11.09,1475.6,344.2,Ammonia,Moderate,50.0
Ro-Ro,16.63,3380.2,2058.8,Hydrogen,Moderate,204.3
Panamax,15.23,3977.6,221.7,Ammonia,Calm,50.0
Panamax,20.55,2136.9,1412.7,Methanol,Moderate,344.3
Container,18.36,10523.0,1919.7,Methanol,Calm,622.2
Ro-Ro,13.83,2401.2,2130.6,Hydrogen,Calm,94.9
Feeder,10.62,681.7,281.2,Hydrogen,Calm,50.0
Container,15.76,6504.3,1380.5,Ammonia,Calm,234.7
Feeder,12.74,1787.5,172.8,LNG,Rough,50.0
Feeder,10.05,2402.1,1324.9,Ammonia,Calm,50.0
Container,13.6,13597.3,408.7,Hydrogen,Moderate,55.0
Tanker,18.71,7892.4,681.3,Conventional (HFO/MGO),Moderate,189.6
Panamax,20.33,7395.7,1459.8,Ammonia,Calm,376.4
Container,13.86,7658.9,731.5,Conventional (HFO/MGO),Moderate,97.1
Feeder,14.43,1615.5,1600.5,Methanol,Calm,50.0
Handymax,14.81,3155.3,834.7,Hydrogen,Calm,50.0
Ro-Ro,15.01,6403.3,1662.0,Methanol,Calm,141.7
Ro-Ro,12.75,5399.2,408.1,Conventional (HFO/MGO),Calm,50.0
Handymax,18.37,5432.8,790.8,Hydrogen,Moderate,98.1
Panamax,14.48,1608.4,342.6,Hydrogen,Moderate,50.0
Tanker,17.72,9514.6,997.5,Methanol,Calm,248.2
Ro-Ro,14.65,6675.5,590.8,Methanol,Calm,50.0
Handymax,13.59,4938.2,844.7,Conventional (HFO/MGO),Moderate,52.6
Feeder,10.36,2866.4,451.6,Ammonia,Moderate,50.0
Tanker,11.92,8591.9,407.3,Hydrogen,Calm,50.0
Tanker,16.33,7481.3,1424.3,LNG,Moderate,233.4
Feeder,10.64,1971.7,1685.0,Ammonia,Calm,50.0
Feeder,14.58,1725.3,1515.5,LNG,Moderate,50.0
Handymax,16.91,4387.4,417.8,LNG,Calm,50.0
Tanker,12.94,2159.0,440.3,Ammonia,Calm,50.0
Feeder,13.6,2613.6,247.4,Hydrogen,Moderate,50.0
Ro-Ro,18.68,2933.5,1176.7,Hydrogen,Moderate,144.7
Handymax,12.8,1647.9,1719.7,Ammonia,Moderate,74.1
Panamax,13.79,5704.7,2198.2,Ammonia,Calm,179.4
Feeder,10.82,2827.8,1150.7,Ammonia,Rough,50.0
Tanker,16.96,2537.1,1436.9,Hydrogen,Rough,243.2
Feeder,15.17,2119.9,1282.6,Ammonia,Moderate,50.0
Container,18.81,6319.2,767.9,Conventional (HFO/MGO),Calm,223.0
Feeder,15.02,2869.0,1962.0,Ammonia,Calm,60.3
Feeder,10.77,2332.1,729.4,LNG,Rough,50.0
Panamax,20.85,8663.0,1746.2,LNG,Moderate,556.3
Tanker,17.92,3022.3,1285.8,Hydrogen,Moderate,251.0
Panamax,11.22,3916.9,259.7,Conventional (HFO/MGO),Calm,50.0
Container,19.41,2702.5,1871.0,Hydrogen,Calm,412.2
Container,22.23,11982.2,1754.5,Methanol,Moderate,900.4
Feeder,11.16,1246.1,2168.5,Hydrogen,Rough,50.0
Tanker,12.07,7054.7,608.7,LNG,Moderate,50.3
Container,15.05,11507.4,812.7,Conventional (HFO/MGO),Moderate,147.9
Handymax,12.76,5101.0,736.4,Hydrogen,Moderate,50.0
Ro-Ro,19.84,5735.1,2026.7,Ammonia,Calm,369.5
Container,15.05,8655.6,1671.1,Conventional (HFO/MGO),Moderate,308.7
Handymax,18.34,5461.9,1890.6,Methanol,Calm,248.2
Handymax,18.78,1360.6,820.6,Hydrogen,Calm,83.8
Handymax,10.41,3169.1,1609.0,Ammonia,Calm,50.0
Panamax,16.23,7883.8,1684.5,Hydrogen,Rough,263.4
Container,18.07,10780.1,1108.5,Hydrogen,Calm,291.3
Tanker,17.33,3300.3,1472.6,Ammonia,Moderate,263.6
Feeder,17.05,2498.8,1626.4,LNG,Moderate,72.3
Panamax,20.23,3429.2,1864.9,Conventional (HFO/MGO),Rough,488.1
Handymax,10.98,3293.9,1403.9,Methanol,Calm,50.0
Tanker,12.99,4797.9,665.6,Ammonia,Moderate,54.2
Container,17.64,2972.7,1139.5,Hydrogen,Calm,235.9
Tanker,11.95,6815.7,550.1,Conventional (HFO/MGO),Moderate,50.0
Container,12.97,9259.4,1626.8,Ammonia,Calm,188.7
Container,20.66,13273.9,1627.2,Ammonia,Calm,769.3
Tanker,15.25,8125.3,1938.2,LNG,Rough,326.5
Ro-Ro,12.84,6586.4,1586.4,Hydrogen,Calm,89.8
Tanker,14.89,11725.5,1496.1,Methanol,Moderate,255.4
Container,12.29,6533.1,856.2,Conventional (HFO/MGO),Moderate,84.3
Tanker,15.41,11203.0,529.3,Conventional (HFO/MGO),Moderate,92.2
Container,20.16,3181.3,834.0,Methanol,Rough,320.6
Panamax,17.12,2647.6,1670.5,Hydrogen,Moderate,224.1
Ro-Ro,15.43,6368.5,596.3,Ammonia,Calm,58.0
Feeder,12.19,2789.6,1185.2,Hydrogen,Calm,50.0
Handymax,14.57,5320.2,1266.9,Hydrogen,Rough,99.7
Ro-Ro,15.18,7726.9,1985.2,LNG,Calm,187.5
Container,21.68,13187.1,1794.8,LNG,Calm,846.1
Container,16.65,6025.2,1247.2,Conventional (HFO/MGO),Moderate,260.6
Ro-Ro,18.23,1826.7,1161.2,LNG,Calm,128.4
Ro-Ro,17.38,3953.7,763.9,LNG,Moderate,86.4
Panamax,13.48,8409.7,161.4,Hydrogen,Moderate,50.0
Ro-Ro,18.34,2028.1,1001.9,Methanol,Rough,143.9
Feeder,14.46,2433.4,1748.2,Methanol,Rough,57.4
Handymax,15.85,3812.8,391.8,Methanol,Moderate,50.0
Handymax,16.09,2558.9,292.0,Conventional (HFO/MGO),Moderate,50.0
Tanker,10.05,6615.1,163.5,Methanol,Rough,50.0
Container,12.13,3888.8,1075.4,Ammonia,Moderate,93.2
Panamax,14.55,2120.8,1346.6,Methanol,Calm,117.7
Panamax,18.65,7028.5,351.5,Methanol,Calm,70.7
Tanker,15.09,8984.8,626.8,Methanol,Rough,106.3
Feeder,12.62,1865.1,251.0,Methanol,Calm,50.0
Tanker,15.54,2303.3,493.7,LNG,Calm,50.5
Tanker,11.24,8136.7,1674.9,LNG,Moderate,108.8
Handymax,15.51,4496.3,586.3,Ammonia,Calm,50.0
Container,19.57,6255.8,461.4,LNG,Calm,140.0
Container,12.03,7606.8,761.5,Methanol,Moderate,62.8
Handymax,15.19,3206.7,1581.6,Ammonia,Rough,153.8
Panamax,18.66,1667.1,1717.5,Conventional (HFO/MGO),Calm,278.2
Ro-Ro,17.21,5196.2,1832.2,Hydrogen,Rough,268.0
Tanker,13.22,4046.5,1884.3,Ammonia,Calm,194.5
Feeder,10.32,2044.8,1855.3,Conventional (HFO/MGO),Calm,50.0
Tanker,13.13,7147.8,1486.9,LNG,Calm,120.1
Tanker,12.33,5256.6,1408.1,Hydrogen,Calm,83.3
Tanker,16.98,4785.6,1826.3,LNG,Moderate,313.3
Tanker,13.45,3907.8,365.3,Hydrogen,Moderate,50.0
Ro-Ro,15.12,4254.8,762.6,Ammonia,Calm,70.8
Handymax,18.12,1439.9,1220.6,Conventional (HFO/MGO),Calm,122.4
Feeder,14.53,2799.5,1481.0,LNG,Calm,50.0
Feeder,10.11,2062.9,1815.6,Methanol,Calm,50.0
Container,17.03,5503.5,1639.4,Hydrogen,Calm,282.4
Ro-Ro,18.89,3413.7,631.7,LNG,Calm,93.1
Container,17.9,9404.6,1734.6,Ammonia,Calm,438.7
Handymax,16.68,4616.3,1036.1,Ammonia,Moderate,103.7
Handymax,13.26,4243.1,1980.6,Hydrogen,Moderate,94.7
Handymax,18.36,4638.5,1915.9,Hydrogen,Moderate,254.4
Feeder,13.79,3074.5,2016.3,LNG,Calm,50.0
Container,20.47,10799.8,1339.5,LNG,Calm,483.4
Ro-Ro,14.13,1975.7,769.2,Ammonia,Moderate,51.3
Tanker,12.81,9628.7,1035.5,Conventional (HFO/MGO),Calm,90.7
Panamax,19.15,6631.7,1042.8,LNG,Rough,253.6
Panamax,11.32,4300.1,1902.9,Ammonia,Rough,115.8
Panamax,19.16,6894.4,671.2,Hydrogen,Moderate,143.3
Panamax,19.85,5211.7,514.9,Methanol,Calm,130.2
Panamax,19.69,1955.8,952.9,Conventional (HFO/MGO),Moderate,175.2
Panamax,12.0,5483.1,1344.1,Ammonia,Rough,102.9
Ro-Ro,16.93,6887.6,1889.0,LNG,Moderate,219.4
Container,21.44,10748.4,1794.7,Methanol,Moderate,818.8
Tanker,12.63,9808.9,1266.8,Conventional (HFO/MGO),Calm,106.0
Panamax,19.28,6797.9,250.9,Hydrogen,Moderate,50.2
Tanker,11.57,6999.0,1319.8,Ammonia,Moderate,82.3
Ro-Ro,16.63,1905.7,901.9,Hydrogen,Moderate,75.7
Handymax,12.86,5177.7,450.8,Hydrogen,Moderate,50.0
Feeder,12.56,2484.5,586.1,Methanol,Moderate,50.0
Panamax,18.12,5487.3,1849.8,Ammonia,Calm,330.5
Panamax,18.44,1756.6,1026.8,LNG,Moderate,148.7
Tanker,14.18,10557.5,574.0,LNG,Calm,66.4
Container,12.37,8739.7,284.1,Ammonia,Rough,50.0
Panamax,13.73,5895.5,447.2,Methanol,Moderate,50.0
Container,21.25,4873.7,509.1,Methanol,Calm,197.4
Ro-Ro,18.16,4204.2,1301.6,Conventional (HFO/MGO),Moderate,161.8
Ro-Ro,17.8,3708.7,1299.1,LNG,Rough,182.0
Panamax,14.61,2281.3,2099.1,Methanol,Rough,210.9
Handymax,10.32,6400.7,1863.7,Ammonia,Calm,59.8
Ro-Ro,13.87,3864.0,1439.4,Hydrogen,Calm,81.6
Panamax,16.07,2850.9,547.9,LNG,Moderate,56.6
Panamax,15.01,6633.2,932.5,Hydrogen,Moderate,102.7
Tanker,12.42,2340.3,1302.9,Ammonia,Calm,88.8
Feeder,16.33,2381.1,2154.6,Ammonia,Moderate,85.9
Tanker,11.99,4091.9,293.5,Ammonia,Calm,50.0
Tanker,15.34,9614.8,2072.4,LNG,Calm,313.9
Handymax,10.88,3228.0,1430.3,Methanol,Moderate,50.0
Tanker,15.81,10652.3,793.2,Hydrogen,Moderate,134.9
Panamax,17.21,5921.0,712.6,LNG,Moderate,107.6
Panamax,11.01,5407.4,527.9,Hydrogen,Moderate,50.0
Tanker,14.88,5424.6,792.3,Methanol,Moderate,113.8
Handymax,15.9,5445.5,683.3,Hydrogen,Moderate,55.5
Panamax,17.75,5586.4,1652.0,Ammonia,Calm,257.2
Tanker,10.81,9670.5,1978.4,Ammonia,Rough,135.9
Tanker,15.23,2961.3,1696.0,LNG,Calm,187.1
Panamax,18.11,2791.7,555.2,Conventional (HFO/MGO),Calm,79.7
Panamax,15.87,3269.6,499.3,Ammonia,Calm,52.6
Handymax,10.24,1694.3,803.0,Conventional (HFO/MGO),Moderate,50.0
Panamax,17.21,7244.7,527.2,Hydrogen,Moderate,85.8
Container,20.89,3588.2,2091.6,Ammonia,Moderate,765.6
Ro-Ro,19.43,2271.9,1743.1,Conventional (HFO/MGO),Calm,219.4
Tanker,16.53,6095.3,1995.8,Conventional (HFO/MGO),Calm,337.4
Ro-Ro,11.71,7873.0,401.9,Conventional (HFO/MGO),Calm,50.0
Ro-Ro,13.0,5164.9,967.5,LNG,Moderate,50.3
Feeder,14.78,3126.1,897.2,LNG,Moderate,50.0
Ro-Ro,17.6,1987.4,1082.6,Methanol,Calm,123.2
Panamax,14.27,2349.2,2047.9,Hydrogen,Calm,148.0
Ro-Ro,16.2,3300.2,1877.8,Conventional (HFO/MGO),Moderate,192.8
Panamax,13.32,1910.6,1419.7,Methanol,Calm,97.2
Container,14.3,11799.6,1270.2,Methanol,Calm,181.4
Container,16.67,6483.3,1095.3,Ammonia,Calm,214.9
Ro-Ro,19.05,5520.1,347.2,Methanol,Calm,54.0
Container,19.36,5186.2,1873.1,LNG,Moderate,491.8
Feeder,15.46,2753.6,1806.5,Ammonia,Moderate,60.2
Container,21.63,2917.3,2079.9,LNG,Calm,696.3
Panamax,20.53,2062.6,874.3,LNG,Rough,231.4
Feeder,17.19,3025.6,366.8,LNG,Moderate,50.0
Handymax,15.54,1794.6,1113.0,LNG,Calm,73.9
Tanker,11.94,9411.7,1836.9,Methanol,Calm,138.4
Tanker,12.63,6105.2,487.9,LNG,Moderate,50.0
Ro-Ro,13.17,2689.5,885.2,Ammonia,Calm,52.6
Ro-Ro,18.17,5589.0,647.8,Hydrogen,Calm,79.6
Ro-Ro,13.97,1661.2,1503.1,Ammonia,Calm,92.5
Panamax,16.09,4119.1,1954.8,Conventional (HFO/MGO),Moderate,242.2
Feeder,16.33,2192.2,2055.1,Hydrogen,Moderate,62.2
Feeder,12.8,2113.7,2105.1,LNG,Moderate,50.0
Tanker,16.3,4954.4,2008.4,Ammonia,Calm,346.9
Ro-Ro,19.31,2887.7,833.3,Methanol,Moderate,125.3
Ro-Ro,19.53,5752.9,859.4,LNG,Calm,138.6
Handymax,15.05,5335.8,261.0,Hydrogen,Moderate,50.0
Container,12.48,4231.7,519.4,Ammonia,Calm,50.0
Container,21.82,8674.4,1241.6,Hydrogen,Calm,518.8
Handymax,12.71,1804.3,589.1,Conventional (HFO/MGO),Moderate,50.0
Feeder,16.61,883.9,1396.5,Conventional (HFO/MGO),Calm,50.0
Handymax,10.53,5498.2,998.5,Hydrogen,Calm,50.0
Feeder,12.43,1444.0,470.5,Hydrogen,Moderate,50.0
Handymax,18.97,2217.4,1782.0,Methanol,Rough,285.2
Panamax,14.27,2148.3,1383.6,Conventional (HFO/MGO),Rough,137.6
Handymax,15.14,4258.6,621.1,LNG,Moderate,50.0
Container,16.68,3620.9,1450.5,Hydrogen,Moderate,240.6
Feeder,14.07,1285.8,2104.9,Hydrogen,Rough,50.0
Tanker,16.98,2853.2,1214.6,Ammonia,Calm,200.7
Tanker,13.31,6069.0,616.5,Ammonia,Moderate,56.9
Ro-Ro,15.98,3869.7,1683.1,LNG,Moderate,170.1
Ro-Ro,16.39,5046.1,1545.7,LNG,Moderate,136.1
Panamax,11.56,8730.0,274.5,LNG,Rough,50.0
Handymax,15.08,5569.2,1628.6,Ammonia,Moderate,133.5
Handymax,12.26,5768.5,714.7,Conventional (HFO/MGO),Moderate,50.0
Handymax,18.92,1544.3,1343.3,LNG,Moderate,146.9
Panamax,17.94,2293.3,1792.1,LNG,Moderate,245.5
Container,13.51,10057.0,1242.6,LNG,Calm,131.6
Panamax,17.43,2050.9,222.6,Methanol,Calm,50.0
Container,15.06,4474.2,1550.4,Hydrogen,Calm,174.4
Tanker,12.15,6162.4,595.2,Methanol,Moderate,50.0
Container,17.61,3155.1,1402.0,Methanol,Moderate,319.6
Ro-Ro,12.88,3550.9,1976.1,LNG,Calm,97.9
Container,12.42,8946.7,1072.9,Hydrogen,Moderate,97.0
Handymax,15.73,4026.5,424.6,LNG,Rough,50.0
Ro-Ro,17.48,2770.9,1032.6,Ammonia,Calm,110.4
Handymax,13.11,1320.4,1886.6,Methanol,Calm,81.5
Panamax,17.04,3019.3,1417.3,Hydrogen,Moderate,201.6
Ro-Ro,11.31,5490.9,612.8,LNG,Moderate,50.0
Container,22.64,8011.7,2003.8,Hydrogen,Moderate,831.9
Handymax,16.24,5894.1,649.0,Hydrogen,Calm,54.7
Ro-Ro,16.7,5027.0,496.1,Conventional (HFO/MGO),Calm,53.9
Handymax,16.72,5109.9,1481.8,Conventional (HFO/MGO),Calm,151.6
Feeder,11.01,1273.9,2090.9,Ammonia,Calm,50.0
Panamax,11.86,2628.4,1048.6,Ammonia,Moderate,55.2
Container,22.74,2988.7,1420.0,Hydrogen,Calm,548.5
Panamax,14.03,7759.5,1442.1,Ammonia,Calm,154.9
Feeder,12.46,602.7,2152.4,Ammonia,Calm,50.0
Container,18.65,6182.3,355.0,Hydrogen,Moderate,83.5
Container,21.47,2998.5,1911.7,Hydrogen,Moderate,654.6
Panamax,14.22,6562.6,2047.9,LNG,Rough,237.7
Panamax,12.71,6796.6,1866.6,Methanol,Moderate,157.3
Tanker,11.08,5951.8,1286.9,Ammonia,Moderate,74.4
Tanker,10.69,3438.8,1241.1,Hydrogen,Moderate,50.0
Handymax,10.46,4972.2,1169.2,LNG,Moderate,50.0
Ro-Ro,13.49,2006.4,1600.6,LNG,Calm,82.0
Panamax,14.86,5477.0,942.3,Ammonia,Calm,103.3
Handymax,14.26,5043.4,2115.2,Ammonia,Calm,148.9
Ro-Ro,15.12,7019.4,296.6,Conventional (HFO/MGO),Rough,50.0
Panamax,11.2,5355.7,1164.5,LNG,Calm,50.0
Ro-Ro,20.0,3259.8,1134.5,Conventional (HFO/MGO),Moderate,174.8
Handymax,18.47,2108.1,950.3,Ammonia,Moderate,112.1
Feeder,10.04,2793.8,1622.2,Hydrogen,Moderate,50.0
Container,20.1,10150.0,1842.0,Ammonia,Calm,644.5
Handymax,15.9,4195.0,816.6,Conventional (HFO/MGO),Rough,79.8
Handymax,14.33,3477.9,202.4,Hydrogen,Moderate,50.0
Container,17.69,8221.8,903.7,LNG,Moderate,195.5
Tanker,16.47,3460.8,1789.2,Ammonia,Calm,291.7
Tanker,10.25,9449.9,418.0,Hydrogen,Rough,50.0
Feeder,14.26,2385.8,1029.2,Hydrogen,Calm,50.0
Feeder,12.5,1059.2,2184.4,LNG,Rough,50.0
Tanker,17.25,6457.1,2134.0,LNG,Rough,512.1
Feeder,15.62,3464.3,915.2,Conventional (HFO/MGO),Rough,50.0
Tanker,15.88,2772.0,1132.0,Ammonia,Calm,146.8
Feeder,11.86,3361.6,354.8,Ammonia,Moderate,50.0
Ro-Ro,19.09,6949.8,1465.8,Hydrogen,Moderate,226.9
Tanker,12.59,10312.2,1539.0,Methanol,Moderate,163.3
Handymax,18.58,1824.0,861.4,Conventional (HFO/MGO),Moderate,98.3
Container,20.53,12079.3,517.7,Hydrogen,Calm,181.4
Panamax,12.38,4093.9,1872.9,Methanol,Rough,137.8
Handymax,15.11,2166.6,920.3,Conventional (HFO/MGO),Calm,63.5
Ro-Ro,13.41,4999.7,2101.3,Hydrogen,Calm,111.1
Handymax,11.38,5514.6,153.8,LNG,Moderate,50.0
Panamax,17.21,8012.0,1836.3,Hydrogen,Moderate,298.0
Handymax,15.72,3884.2,309.8,Conventional (HFO/MGO),Rough,50.0
Container,21.92,9263.0,1652.8,Conventional (HFO/MGO),Calm,788.6
Tanker,12.26,9134.4,628.9,Hydrogen,Calm,50.0
Ro-Ro,13.22,6491.9,1317.9,LNG,Calm,78.1
Container,16.68,12747.9,1624.5,LNG,Moderate,387.9
Handymax,16.78,3925.9,1426.7,Conventional (HFO/MGO),Rough,175.7
Panamax,16.59,3493.9,258.4,Ammonia,Moderate,50.0
Panamax,18.01,4514.9,1249.6,Hydrogen,Moderate,178.5
Feeder,10.61,2951.6,218.6,Ammonia,Calm,50.0
Panamax,13.62,2908.6,1633.3,Conventional (HFO/MGO),Moderate,132.7
Ro-Ro,12.88,7793.3,371.2,Methanol,Moderate,50.0
Tanker,18.61,5676.3,1685.0,Methanol,Calm,414.9
Tanker,12.04,2668.9,358.6,LNG,Rough,50.0
Handymax,14.76,5014.0,872.7,LNG,Calm,56.7
Panamax,16.26,2944.6,156.3,LNG,Moderate,50.0
Handymax,11.63,4750.0,2093.3,Ammonia,Moderate,77.5
Container,20.82,11993.1,1432.9,Ammonia,Moderate,618.2
Handymax,10.99,2653.1,684.3,Ammonia,Rough,50.0
Panamax,16.19,2348.1,2120.5,LNG,Moderate,260.3
Feeder,16.38,2121.6,1102.5,LNG,Calm,50.0
Container,19.9,7795.2,2161.4,Hydrogen,Moderate,720.7
Tanker,18.06,9503.7,1722.3,Ammonia,Calm,452.3
Ro-Ro,16.36,3967.5,862.2,Conventional (HFO/MGO),Rough,111.1
Panamax,13.81,1783.4,232.9,Ammonia,Calm,50.0
Panamax,17.69,4706.2,301.9,LNG,Calm,50.0
Container,14.29,10646.4,1576.8,Conventional (HFO/MGO),Rough,290.3
Tanker,12.81,2455.8,1476.6,Methanol,Calm,120.0
Tanker,11.57,2711.4,2096.3,Ammonia,Calm,132.4
Container,22.69,9062.6,1121.3,Methanol,Calm,579.9
Handymax,12.29,2090.1,1577.3,Hydrogen,Rough,64.8
Container,17.84,11634.9,2049.0,Ammonia,Calm,592.2
Feeder,17.97,2831.0,1794.5,LNG,Calm,81.7
Handymax,11.69,4507.7,1775.7,Conventional (HFO/MGO),Rough,78.0
Ro-Ro,15.09,1551.1,1921.1,LNG,Calm,121.8
Container,19.82,12554.3,591.5,Methanol,Calm,240.0
Tanker,13.29,3594.6,2190.3,Methanol,Moderate,178.4
Tanker,11.79,4778.3,377.7,Conventional (HFO/MGO),Calm,50.0
Tanker,14.38,6770.7,1849.9,LNG,Calm,216.4
Panamax,20.6,3103.1,653.8,Ammonia,Moderate,167.9
Container,12.81,9588.9,1799.6,Conventional (HFO/MGO),Calm,187.2
Tanker,10.7,6310.1,289.4,Hydrogen,Rough,50.0
Feeder,15.46,1498.5,2063.8,Hydrogen,Rough,61.1
Handymax,10.42,1447.2,433.2,Methanol,Moderate,50.0
Ro-Ro,12.58,3363.4,260.9,Ammonia,Rough,50.0
Container,18.33,9096.4,671.4,Methanol,Calm,190.0
Handymax,15.02,2902.7,1644.3,LNG,Moderate,108.9
Container,15.55,8498.6,150.1,Ammonia,Moderate,50.0
Container,12.02,9186.7,1508.5,LNG,Moderate,120.7
Container,18.28,5475.6,1213.5,Hydrogen,Moderate,280.6
Container,16.8,11850.3,1983.7,Methanol,Calm,456.2
Tanker,17.68,4159.9,1022.5,Conventional (HFO/MGO),Rough,277.2
Handymax,14.45,1732.8,2102.6,Ammonia,Moderate,128.5
Container,12.16,4942.5,840.7,Ammonia,Moderate,71.6
Container,20.96,4062.6,1587.6,LNG,Moderate,545.2
Feeder,11.13,2087.3,329.0,Conventional (HFO/MGO),Moderate,50.0
Panamax,19.88,8706.0,239.1,Conventional (HFO/MGO),Rough,75.9
Handymax,11.57,5123.8,1875.9,Hydrogen,Rough,83.8
Feeder,15.26,1255.3,407.4,Conventional (HFO/MGO),Calm,50.0
Container,12.56,13823.4,1806.0,Hydrogen,Calm,173.6
Ro-Ro,17.08,3993.3,1200.4,Hydrogen,Calm,111.1
Container,15.14,4988.4,1480.3,LNG,Calm,195.9
Ro-Ro,19.66,3033.1,982.5,Conventional (HFO/MGO),Calm,168.7
Tanker,13.72,9000.8,1706.9,Methanol,Moderate,174.8
Tanker,18.61,9165.8,1708.3,Ammonia,Rough,559.5
Handymax,18.98,4955.7,1365.1,Conventional (HFO/MGO),Calm,184.4
Ro-Ro,16.89,2523.9,1400.3,Ammonia,Calm,130.3
Feeder,15.09,1106.7,346.0,Methanol,Calm,50.0
Panamax,18.79,7169.1,827.0,Ammonia,Calm,182.4
Feeder,10.8,2197.9,1534.6,Methanol,Calm,50.0
Handymax,10.36,3277.4,1840.8,Hydrogen,Rough,50.0
Feeder,13.94,1473.6,1980.2,Conventional (HFO/MGO),Moderate,50.0
Handymax,13.07,4013.2,2041.7,Hydrogen,Calm,84.2
Handymax,14.16,2725.9,226.5,Ammonia,Calm,50.0
Handymax,12.5,3219.5,1467.0,Methanol,Rough,77.9
Handymax,17.35,1992.7,767.3,Hydrogen,Calm,59.6
Panamax,14.29,7990.4,325.8,Ammonia,Moderate,50.0
Feeder,12.98,2163.1,1155.1,LNG,Moderate,50.0
Feeder,17.85,772.8,716.5,Methanol,Calm,50.0
Tanker,15.11,9170.0,719.0,Methanol,Moderate,104.2
Feeder,12.4,1551.4,946.4,Methanol,Moderate,50.0
Panamax,18.6,5845.6,2095.9,Conventional (HFO/MGO),Moderate,401.2
Handymax,16.13,3567.8,432.6,Methanol,Rough,50.0
Tanker,14.33,7691.4,409.9,Hydrogen,Calm,50.0
Feeder,16.05,1336.5,1855.6,Conventional (HFO/MGO),Rough,74.4
Feeder,13.68,3273.1,1143.1,Hydrogen,Calm,50.0
Ro-Ro,13.04,6035.2,548.1,Ammonia,Moderate,50.0
Feeder,11.01,1275.6,1721.6,Conventional (HFO/MGO),Moderate,50.0
Tanker,10.87,9273.1,1776.3,Methanol,Rough,140.1
Ro-Ro,13.29,7338.2,449.3,LNG,Calm,50.0
Ro-Ro,17.25,7917.2,887.0,Hydrogen,Calm,111.6
Tanker,11.93,11498.4,1200.7,Hydrogen,Moderate,102.2
Ro-Ro,17.67,3934.0,1812.4,Methanol,Moderate,263.0
Tanker,18.73,9575.8,1420.6,LNG,Rough,413.1
Handymax,14.14,1538.7,1275.7,LNG,Moderate,69.8
Handymax,16.49,5009.2,2171.0,LNG,Calm,210.1
Ro-Ro,12.18,5483.5,1064.0,Conventional (HFO/MGO),Moderate,50.0
Tanker,14.94,2922.5,721.4,LNG,Calm,71.0
Ro-Ro,12.09,5516.0,1348.8,Hydrogen,Moderate,54.9
Feeder,16.81,1153.7,1819.0,Hydrogen,Calm,53.3
Panamax,12.98,2445.6,303.6,Methanol,Calm,50.0
Ro-Ro,18.28,6434.1,749.4,Conventional (HFO/MGO),Calm,106.9
Container,16.4,4013.4,2168.6,Ammonia,Moderate,422.3
Handymax,18.35,3584.7,778.8,Ammonia,Moderate,106.4
Handymax,12.06,4186.6,1707.8,Methanol,Rough,78.3
Handymax,11.9,4064.8,678.1,Conventional (HFO/MGO),Calm,50.0
Feeder,10.53,1821.2,2153.3,LNG,Moderate,50.0
Feeder,17.21,730.2,1457.7,Methanol,Moderate,52.6
Handymax,18.17,2975.8,256.1,Conventional (HFO/MGO),Calm,50.0
Handymax,17.02,5356.0,177.4,Conventional (HFO/MGO),Moderate,50.0
Ro-Ro,17.52,7994.2,1784.1,Conventional (HFO/MGO),Moderate,279.2
Ro-Ro,13.63,2656.2,1200.7,Hydrogen,Calm,54.3
Tanker,17.61,9168.1,829.2,Conventional (HFO/MGO),Calm,189.7
Ro-Ro,16.63,2009.4,2118.4,Conventional (HFO/MGO),Calm,179.0
Panamax,14.68,3795.0,393.2,Ammonia,Moderate,50.0
Panamax,17.31,8135.4,1426.3,Ammonia,Moderate,284.9
Panamax,17.89,5847.1,163.7,Methanol,Moderate,50.0
Ro-Ro,12.0,1528.9,181.0,Methanol,Calm,50.0
Container,18.15,7283.1,2160.5,Conventional (HFO/MGO),Moderate,611.9
Panamax,15.31,3917.5,1166.0,Methanol,Moderate,126.2
Handymax,16.35,2589.5,1862.7,LNG,Rough,179.1
Ro-Ro,18.32,4148.3,329.9,Hydrogen,Moderate,50.0
Container,18.89,6594.6,329.5,LNG,Rough,106.7
Ro-Ro,17.01,2044.5,1665.8,Methanol,Moderate,184.1
Ro-Ro,19.59,6501.0,379.6,Methanol,Calm,67.1
Panamax,19.17,4582.7,1966.7,Ammonia,Calm,413.8
Feeder,12.85,2442.7,989.9,Hydrogen,Moderate,50.0
Feeder,14.08,2338.6,475.0,LNG,Moderate,50.0
Feeder,16.95,1894.8,512.1,Conventional (HFO/MGO),Calm,50.0
Feeder,13.03,789.2,356.7,Ammonia,Moderate,50.0
Tanker,13.03,5724.3,1469.3,Methanol,Moderate,127.3
Tanker,14.15,7639.1,376.9,Methanol,Calm,50.0
Tanker,15.66,5978.4,602.5,LNG,Moderate,93.8
Panamax,19.09,4908.7,2025.9,Conventional (HFO/MGO),Calm,409.6
Container,13.14,8754.8,1490.0,Ammonia,Moderate,191.0
Container,19.71,13617.7,1884.8,Ammonia,Moderate,857.1
Container,21.76,9670.2,304.3,Hydrogen,Moderate,125.8
Panamax,17.47,5156.1,555.5,Ammonia,Moderate,99.2
Ro-Ro,16.44,4795.6,668.1,Hydrogen,Moderate,70.0
Tanker,18.05,8074.0,805.3,Ammonia,Calm,175.9
Feeder,11.02,2619.7,1021.6,Ammonia,Calm,50.0
Container,22.81,4411.6,1158.4,Ammonia,Rough,683.3
Tanker,14.65,2770.6,1403.6,Methanol,Rough,204.9
Feeder,14.14,1946.3,853.9,Conventional (HFO/MGO),Calm,50.0
Panamax,17.45,5178.5,1033.2,LNG,Moderate,156.5
Tanker,15.02,5488.6,1031.6,Methanol,Moderate,129.1
Ro-Ro,12.89,5459.1,422.6,Methanol,Rough,50.0
Container,15.98,11325.7,2069.0,Hydrogen,Moderate,380.7
Handymax,15.85,5400.6,478.1,Ammonia,Rough,53.1
Container,22.98,10493.1,2012.3,LNG,Calm,1014.9
Container,12.15,9720.6,1485.5,Hydrogen,Calm,109.7
Container,21.06,10715.8,1145.2,Conventional (HFO/MGO),Moderate,485.5
Container,21.6,6214.6,975.8,LNG,Calm,383.2
Tanker,11.48,4845.5,363.4,Ammonia,Calm,50.0
Feeder,14.33,727.9,1431.4,Hydrogen,Moderate,50.0
Feeder,16.11,657.4,1822.0,LNG,Moderate,50.0
Container,13.19,12574.8,1124.3,Conventional (HFO/MGO),Calm,132.4
Handymax,15.79,6214.4,1535.2,Conventional (HFO/MGO),Moderate,153.2
Handymax,10.51,4784.2,272.4,Hydrogen,Calm,50.0
Feeder,10.31,2083.1,736.0,LNG,Moderate,50.0
Container,21.85,3769.5,1762.0,Hydrogen,Calm,661.6
Panamax,13.06,2341.7,1725.4,LNG,Moderate,104.6
Feeder,13.48,1073.5,171.9,Ammonia,Moderate,50.0
Tanker,11.79,6614.0,1981.7,LNG,Moderate,135.2
Panamax,14.73,4421.8,1725.2,Methanol,Moderate,168.2
Feeder,11.11,603.3,382.2,LNG,Calm,50.0
Panamax,18.37,7007.3,2188.4,Ammonia,Rough,556.4
Tanker,11.38,10997.8,359.8,Conventional (HFO/MGO),Calm,50.0
Feeder,14.77,2487.4,1322.0,Hydrogen,Rough,50.0
Handymax,15.31,2459.2,2154.4,Ammonia,Rough,202.8
Container,16.2,5351.4,525.0,Ammonia,Rough,121.0
Ro-Ro,18.63,5647.1,441.7,Ammonia,Calm,80.0
Panamax,12.73,8391.7,1551.8,Hydrogen,Calm,105.8
Ro-Ro,17.6,3558.5,956.8,Methanol,Calm,107.5
Tanker,18.72,10965.4,328.3,Hydrogen,Rough,102.6
Tanker,16.74,11096.5,2097.1,Conventional (HFO/MGO),Moderate,484.1
Panamax,11.59,5324.6,1148.8,Conventional (HFO/MGO),Calm,58.1
Container,19.95,7439.0,802.6,Methanol,Moderate,297.4
Ro-Ro,11.18,7652.4,1698.3,LNG,Calm,70.3
Feeder,11.01,1236.6,2111.2,Methanol,Moderate,50.0
Tanker,14.24,8528.8,759.9,Hydrogen,Calm,84.9
Ro-Ro,16.61,6918.9,194.1,Ammonia,Moderate,50.0
Tanker,13.22,8360.3,223.0,Hydrogen,Calm,50.0
Ro-Ro,11.13,6509.8,694.3,Conventional (HFO/MGO),Moderate,50.0
Tanker,10.42,7785.1,1260.7,Hydrogen,Calm,59.0
Feeder,11.18,1106.6,1656.2,Ammonia,Moderate,50.0
Container,12.44,10616.9,2189.2,Conventional (HFO/MGO),Calm,216.2
Feeder,10.13,2128.1,721.7,LNG,Moderate,50.0
Container,14.21,12074.7,2047.1,Methanol,Calm,336.6
Ro-Ro,12.28,6775.2,1312.9,Ammonia,Rough,88.7
Handymax,12.93,1279.8,498.3,LNG,Rough,50.0
Container,15.06,6320.5,1273.0,Conventional (HFO/MGO),Calm,178.3
Ro-Ro,12.92,5871.1,890.9,Ammonia,Calm,50.0
Panamax,14.75,5314.4,737.4,Ammonia,Moderate,85.9
Panamax,20.2,6200.8,348.3,Conventional (HFO/MGO),Rough,110.5
Ro-Ro,15.69,7104.8,2134.7,LNG,Calm,218.9
Feeder,17.91,769.7,1182.4,Ammonia,Rough,55.6
Tanker,15.26,6211.9,1652.2,Methanol,Calm,212.5
Tanker,17.42,5355.9,238.0,LNG,Rough,50.8
Ro-Ro,13.43,4698.2,2174.0,LNG,Calm,118.0
Ro-Ro,17.34,4043.1,324.4,LNG,Rough,50.0
Tanker,10.93,4135.6,2037.9,Ammonia,Moderate,112.4
Tanker,11.62,8995.5,252.1,Methanol,Moderate,50.0
Ro-Ro,19.42,6918.8,912.0,Hydrogen,Calm,164.8
Ro-Ro,11.73,5624.5,902.9,Ammonia,Rough,52.3
Panamax,20.18,8781.4,1346.5,Methanol,Moderate,402.1
Feeder,10.46,2709.7,1585.5,Methanol,Calm,50.0
Feeder,11.2,2634.6,1621.9,Hydrogen,Calm,50.0
Ro-Ro,14.23,5484.9,1674.9,LNG,Rough,150.5
Ro-Ro,13.83,6967.3,305.2,Hydrogen,Moderate,50.0
Ro-Ro,19.73,2284.3,429.6,LNG,Moderate,68.7
Tanker,12.74,3907.4,1928.9,LNG,Moderate,144.0
Tanker,18.16,10913.7,291.7,LNG,Moderate,78.8
Panamax,19.64,8245.4,319.5,LNG,Rough,87.2
Handymax,17.13,3634.7,2091.2,Hydrogen,Calm,182.5
Ro-Ro,18.4,1863.1,1039.0,LNG,Moderate,117.7
Handymax,12.36,4625.2,737.9,LNG,Calm,50.0
Handymax,17.15,2263.5,1960.3,Ammonia,Moderate,214.9
Ro-Ro,11.63,6153.6,1212.6,Methanol,Calm,55.3
Panamax,17.06,2318.8,1493.6,LNG,Moderate,197.4
Ro-Ro,12.26,3404.3,1817.5,Conventional (HFO/MGO),Moderate,84.0
Feeder,11.62,2267.6,1106.4,Ammonia,Moderate,50.0
Tanker,16.09,6966.4,802.9,LNG,Calm,106.9
Handymax,15.03,1217.5,728.7,Hydrogen,Moderate,50.0
Feeder,13.5,2526.4,406.2,Methanol,Moderate,50.0
Handymax,13.04,1447.0,267.7,LNG,Rough,50.0
Tanker,18.11,3391.7,1300.8,Conventional (HFO/MGO),Moderate,228.3
Feeder,15.02,1243.0,2188.2,Methanol,Calm,58.2
Panamax,15.29,4151.2,715.1,Ammonia,Calm,74.9
Ro-Ro,15.68,4528.9,1952.0,LNG,Rough,202.7
Handymax,17.78,6123.7,1598.0,Ammonia,Calm,220.5
Tanker,14.56,9123.7,1627.1,Ammonia,Calm,208.5
Ro-Ro,11.18,6173.3,2156.5,Ammonia,Calm,88.6
Ro-Ro,18.59,4841.7,272.2,Methanol,Calm,50.0
Handymax,11.98,5668.7,205.1,LNG,Moderate,50.0
Panamax,17.25,2872.9,1315.1,Hydrogen,Calm,181.4
Panamax,11.01,3369.0,1494.9,Methanol,Moderate,65.2
Tanker,12.43,6392.5,1245.8,Conventional (HFO/MGO),Calm,95.8
Ro-Ro,16.6,7229.9,2089.3,Methanol,Calm,282.8
Tanker,16.95,2837.4,2000.4,Conventional (HFO/MGO),Calm,329.6
Ro-Ro,15.24,3874.6,1685.2,LNG,Moderate,123.2
Container,22.18,11691.9,1660.3,Hydrogen,Moderate,831.9
Panamax,20.3,6738.7,458.0,Methanol,Calm,108.7
Handymax,15.42,5885.9,1268.1,Hydrogen,Calm,96.2
Ro-Ro,16.21,7375.6,158.9,Conventional (HFO/MGO),Moderate,50.0
Handymax,17.62,5270.4,1156.6,Conventional (HFO/MGO),Calm,136.2
Feeder,11.97,1380.9,2058.2,Hydrogen,Moderate,50.0
Feeder,10.05,1186.8,1498.8,Ammonia,Calm,50.0
Panamax,11.47,5080.6,1303.1,Hydrogen,Moderate,61.7
Ro-Ro,19.0,6603.5,1138.1,Conventional (HFO/MGO),Calm,190.0
Ro-Ro,12.64,2346.1,517.5,LNG,Calm,50.0
Tanker,14.46,6505.4,449.0,Ammonia,Rough,74.9
Ro-Ro,16.59,5332.9,1792.4,LNG,Calm,155.4
Handymax,15.11,2873.5,822.6,LNG,Calm,50.4
Ro-Ro,13.44,6559.9,1657.5,Conventional (HFO/MGO),Moderate,104.7
Container,20.9,4801.0,2110.2,Conventional (HFO/MGO),Calm,682.4
Tanker,11.29,4903.4,1751.7,Methanol,Calm,93.2
Handymax,15.64,4518.1,1115.1,LNG,Moderate,88.7
Feeder,14.48,2055.9,974.0,Hydrogen,Calm,50.0
Panamax,20.27,1764.7,1265.3,Hydrogen,Calm,216.0
Ro-Ro,17.62,5459.4,1746.8,Hydrogen,Calm,190.4
Handymax,18.29,5371.0,370.5,LNG,Calm,50.0
Ro-Ro,11.99,4580.6,849.6,Ammonia,Moderate,50.0
Feeder,16.29,819.0,1827.2,LNG,Calm,51.8
Container,18.71,5795.1,1316.4,LNG,Calm,342.4
Panamax,17.22,4926.3,1927.5,Methanol,Calm,298.8
Ro-Ro,14.79,3941.1,1537.1,Ammonia,Moderate,128.9
Container,13.61,9702.6,1614.5,LNG,Calm,175.0
Feeder,17.58,1199.9,773.9,Hydrogen,Calm,50.0
Panamax,16.42,2626.5,946.3,Hydrogen,Calm,106.9
Ro-Ro,12.01,1982.9,1957.3,Methanol,Rough,100.3
Panamax,11.94,6784.9,1953.1,Hydrogen,Moderate,113.0
Handymax,12.25,3896.2,424.1,LNG,Moderate,50.0
Feeder,14.71,2926.9,1357.0,Conventional (HFO/MGO),Moderate,50.0
Tanker,15.55,5277.5,546.8,Conventional (HFO/MGO),Rough,87.8
Feeder,11.35,2994.6,1904.9,LNG,Calm,50.0
Feeder,15.73,2055.4,376.3,Conventional (HFO/MGO),Moderate,50.0
Panamax,11.51,7649.3,440.7,LNG,Moderate,50.0
Container,13.95,4067.2,293.4,LNG,Moderate,50.0
Container,19.71,6361.2,222.2,Conventional (HFO/MGO),Moderate,68.0
Handymax,13.14,4399.0,2032.9,Hydrogen,Calm,90.5
Feeder,10.57,1062.5,1820.6,LNG,Moderate,50.0
Feeder,13.3,2741.8,2114.2,Hydrogen,Moderate,50.0
Tanker,11.61,9202.8,2199.1,Ammonia,Moderate,168.5
Handymax,18.63,5831.0,1684.8,Conventional (HFO/MGO),Rough,290.2
Feeder,11.3,1038.7,1200.3,Ammonia,Calm,50.0
Tanker,10.48,9320.1,330.9,Hydrogen,Moderate,50.0
Handymax,15.33,3305.2,698.4,Hydrogen,Calm,50.0
Container,13.5,9489.6,585.7,LNG,Calm,66.4
Tanker,14.62,8779.6,1356.5,Methanol,Moderate,206.3
Tanker,16.39,5448.0,1891.6,LNG,Moderate,324.4
Feeder,17.43,1880.5,1025.3,Methanol,Rough,51.7
Feeder,12.1,1188.1,1792.9,Methanol,Calm,50.0
Handymax,18.81,3887.2,1152.5,Conventional (HFO/MGO),Rough,191.9
Feeder,15.77,2035.9,1738.0,Hydrogen,Rough,63.8
Container,21.04,7320.2,1266.0,Conventional (HFO/MGO),Calm,518.6
Handymax,18.58,3771.3,2152.0,Hydrogen,Moderate,270.3
Handymax,14.41,3901.3,607.8,Hydrogen,Calm,50.0
Panamax,18.0,3544.2,707.3,Conventional (HFO/MGO),Moderate,102.0
Panamax,20.91,4531.8,972.9,Ammonia,Calm,251.4
Handymax,18.4,6451.1,400.9,Conventional (HFO/MGO),Moderate,62.3
Panamax,12.8,6230.5,491.6,Methanol,Rough,50.0
Feeder,17.37,2371.1,1258.7,Hydrogen,Calm,50.0
Tanker,18.52,4827.4,989.2,LNG,Moderate,248.0
Handymax,12.19,1463.0,1438.9,Ammonia,Moderate,57.1
Container,13.49,6493.2,956.1,Methanol,Moderate,119.4
Ro-Ro,19.17,3772.9,1485.7,Methanol,Calm,222.2
Feeder,14.64,1540.7,288.2,LNG,Calm,50.0
Panamax,13.66,8815.8,1159.3,Ammonia,Calm,113.0
Ro-Ro,18.5,2071.8,1940.7,Conventional (HFO/MGO),Calm,236.3
Container,19.54,8538.0,2075.6,Conventional (HFO/MGO),Calm,715.9
Feeder,14.64,3016.8,1023.6,Hydrogen,Moderate,50.0
Handymax,11.56,5615.0,585.5,Ammonia,Moderate,50.0
Container,17.23,6516.6,1859.3,Ammonia,Moderate,454.7
Panamax,15.46,4460.0,1513.9,LNG,Calm,160.2
Handymax,14.92,5959.4,626.7,Ammonia,Calm,50.7
Panamax,17.84,2551.8,1214.8,Methanol,Calm,180.2
Tanker,10.18,6786.6,1160.0,Ammonia,Moderate,65.3
Feeder,16.28,1877.1,1687.2,Methanol,Calm,57.3
Container,13.0,7473.5,1115.2,Conventional (HFO/MGO),Moderate,120.1
Ro-Ro,17.74,3033.9,1640.9,LNG,Moderate,166.3
Tanker,17.92,8533.2,168.2,Hydrogen,Moderate,50.0
Tanker,12.61,4267.6,1554.1,Methanol,Moderate,135.2
Ro-Ro,14.05,4781.7,358.1,Ammonia,Calm,50.0
Container,13.68,8202.1,1037.8,Ammonia,Calm,132.3
Panamax,14.8,5251.3,1796.8,Conventional (HFO/MGO),Moderate,203.4
Feeder,11.13,1562.5,2124.3,LNG,Calm,50.0
Handymax,18.55,2076.0,1727.4,Ammonia,Calm,218.5
Tanker,18.72,4172.7,1734.8,Methanol,Calm,423.7
Ro-Ro,17.78,6585.4,1695.4,Hydrogen,Moderate,210.8
Feeder,13.75,1601.9,1178.8,Ammonia,Calm,50.0
Feeder,11.92,2827.2,2052.0,LNG,Moderate,50.0
Tanker,13.49,11202.3,1447.5,Methanol,Moderate,184.4
Handymax,10.75,5840.4,617.3,Methanol,Moderate,50.0
Handymax,13.52,4884.8,1233.2,Hydrogen,Calm,59.7
Container,19.97,10353.7,849.7,LNG,Moderate,265.2
Ro-Ro,19.69,5616.5,332.2,Ammonia,Calm,60.3
Feeder,15.36,3328.0,1735.1,LNG,Moderate,59.5
Panamax,14.95,8289.1,1033.7,Ammonia,Moderate,138.6
Panamax,14.1,2167.1,1809.0,Methanol,Moderate,156.5
Handymax,18.28,5913.3,1383.1,Ammonia,Rough,256.3
Container,18.04,13104.4,1708.7,Ammonia,Moderate,559.2
Panamax,13.77,6737.9,1919.4,Conventional (HFO/MGO),Calm,177.2
Container,15.12,4387.1,318.0,Hydrogen,Moderate,50.0
Panamax,14.15,2784.4,1788.3,Ammonia,Rough,205.9
Ro-Ro,17.86,7434.1,1020.0,Ammonia,Calm,172.7
Panamax,19.63,4524.9,272.1,Hydrogen,Calm,52.4
Handymax,13.6,4683.2,1261.1,Ammonia,Rough,86.1
Handymax,16.1,5707.0,2057.0,Conventional (HFO/MGO),Moderate,209.2
Ro-Ro,16.99,2925.9,2144.7,Methanol,Calm,211.2
Handymax,10.0,4125.1,1438.0,Methanol,Rough,50.0
Tanker,18.34,7827.4,706.6,Conventional (HFO/MGO),Rough,224.3
Handymax,14.82,4549.4,1197.5,Conventional (HFO/MGO),Rough,104.1
Panamax,11.19,2358.6,530.6,Ammonia,Calm,50.0
Container,21.03,9549.7,165.2,Ammonia,Rough,80.3
Panamax,18.27,2736.1,1206.6,Hydrogen,Rough,206.8
Tanker,18.62,4885.0,944.6,Hydrogen,Moderate,193.8
Handymax,14.38,2456.1,2176.1,Methanol,Rough,175.9
Ro-Ro,17.18,7738.3,481.1,Ammonia,Calm,70.9
Handymax,13.34,5222.5,1442.2,Methanol,Calm,80.4
Feeder,11.01,1342.8,1251.9,Methanol,Moderate,50.0
Feeder,15.2,977.4,930.5,LNG,Calm,50.0
Panamax,15.48,6092.5,1859.0,Conventional (HFO/MGO),Moderate,222.7
Handymax,13.14,2312.3,266.0,Hydrogen,Calm,50.0
Panamax,18.03,6782.6,802.2,LNG,Moderate,167.2
Ro-Ro,15.59,3528.3,681.9,Methanol,Rough,78.4
Handymax,10.07,2245.6,881.1,Methanol,Rough,50.0
Handymax,18.91,3509.3,802.7,LNG,Moderate,97.4
Panamax,11.83,6659.5,722.1,Ammonia,Moderate,50.0
Panamax,19.67,6196.0,441.9,Ammonia,Calm,105.3
Tanker,12.72,9525.2,1631.0,Methanol,Rough,205.5
Ro-Ro,17.67,6937.0,1735.9,Hydrogen,Calm,203.1
Container,19.88,10201.0,1776.2,Ammonia,Moderate,658.5
Container,22.06,7047.3,213.5,Ammonia,Calm,93.7
Ro-Ro,18.63,4188.1,768.3,Ammonia,Moderate,131.0
Feeder,11.12,1469.4,1288.6,Hydrogen,Moderate,50.0
Tanker,10.9,4554.3,953.9,Ammonia,Calm,53.5
Feeder,10.53,3047.4,360.3,Conventional (HFO/MGO),Moderate,50.0
Ro-Ro,11.91,1684.9,878.3,LNG,Moderate,50.0
Handymax,10.28,2125.8,1720.9,Conventional (HFO/MGO),Calm,50.0
Handymax,17.87,4785.5,486.2,Ammonia,Calm,65.9
Tanker,17.02,3764.5,1990.8,Hydrogen,Moderate,348.5
Tanker,13.25,2541.9,1622.9,Conventional (HFO/MGO),Calm,130.9
Feeder,15.99,2136.7,1572.7,Hydrogen,Moderate,50.0
Tanker,10.25,5534.6,243.2,LNG,Moderate,50.0
Container,20.63,10687.1,1297.1,Conventional (HFO/MGO),Rough,665.6
Ro-Ro,12.65,4448.9,571.0,LNG,Rough,50.0
Container,17.82,5353.4,1663.8,Methanol,Moderate,393.3
Ro-Ro,15.14,3913.9,1618.9,Hydrogen,Calm,103.8
Handymax,16.12,1569.2,2180.5,Conventional (HFO/MGO),Calm,158.6
Tanker,12.62,5495.6,1622.6,LNG,Calm,129.3
Tanker,12.98,9529.9,929.2,Conventional (HFO/MGO),Moderate,94.9
Handymax,17.42,1328.7,1923.0,Methanol,Moderate,172.2
Panamax,14.4,7857.3,2069.5,Ammonia,Calm,208.8
Feeder,11.56,2356.7,414.8,Ammonia,Calm,50.0
Handymax,16.65,4122.8,707.8,Hydrogen,Calm,53.8
Tanker,12.91,8148.9,575.6,LNG,Calm,54.7
Handymax,18.74,3121.5,163.5,Conventional (HFO/MGO),Rough,50.0
Handymax,13.92,2900.1,1493.1,Ammonia,Calm,84.1
Container,15.66,3720.5,1751.8,LNG,Calm,244.9
Handymax,14.28,2888.8,1572.5,LNG,Moderate,88.2
Feeder,15.96,1059.5,1378.9,LNG,Moderate,50.0
Ro-Ro,17.62,2351.5,814.0,Hydrogen,Calm,83.0
Panamax,15.5,3640.1,158.3,Methanol,Calm,50.0
Ro-Ro,12.08,5457.5,1391.2,Conventional (HFO/MGO),Calm,64.1
Container,16.15,11901.0,1220.1,Conventional (HFO/MGO),Calm,250.9
Feeder,11.8,3400.5,1021.9,Hydrogen,Calm,50.0
Handymax,14.1,6126.5,1999.0,Hydrogen,Calm,120.9
Panamax,17.08,5450.2,706.9,LNG,Rough,115.5
Container,21.15,3345.0,626.7,Ammonia,Calm,221.5
Ro-Ro,18.53,4659.3,1087.3,LNG,Rough,184.4
Tanker,13.82,2815.0,258.8,Hydrogen,Calm,50.0
Tanker,14.09,3378.0,1427.2,LNG,Moderate,153.9
Container,17.5,4957.5,1557.3,Conventional (HFO/MGO),Moderate,310.1
Feeder,10.24,2627.5,938.2,Ammonia,Moderate,50.0
Ro-Ro,19.44,4308.6,1194.6,Ammonia,Moderate,188.9
Handymax,15.3,5321.4,1402.7,Methanol,Calm,110.8
Feeder,11.32,2992.9,587.5,LNG,Calm,50.0
Container,12.67,7105.0,290.4,Ammonia,Calm,50.0
Panamax,20.31,5663.3,1878.3,Conventional (HFO/MGO),Rough,556.3
Tanker,12.76,10357.8,1216.4,Hydrogen,Calm,107.4
Handymax,14.2,5362.9,1144.0,LNG,Calm,76.5
Container,16.59,6642.5,1715.6,Ammonia,Moderate,353.3
Panamax,13.39,8532.5,1314.2,Hydrogen,Moderate,95.4
Container,16.06,6720.6,1548.4,Hydrogen,Moderate,267.2
Feeder,11.75,1951.0,460.1,Ammonia,Calm,50.0
Panamax,20.16,4164.5,1576.4,Conventional (HFO/MGO),Calm,355.7
Container,18.11,5876.4,1776.8,Ammonia,Moderate,412.0
Ro-Ro,16.98,6412.3,798.4,Hydrogen,Calm,96.3
Handymax,14.58,5936.9,620.6,Methanol,Calm,50.0
Handymax,18.7,4340.6,791.8,Hydrogen,Calm,96.2
Feeder,11.03,2228.0,972.9,Ammonia,Calm,50.0
Feeder,10.25,2918.4,2013.6,Hydrogen,Calm,50.0
Feeder,10.54,1334.7,1808.2,LNG,Moderate,50.0
Tanker,16.37,9531.5,1258.3,Hydrogen,Moderate,225.8
Ro-Ro,18.29,3672.1,1595.3,Conventional (HFO/MGO),Moderate,242.8
Container,19.64,10550.6,1868.4,Conventional (HFO/MGO),Moderate,682.2
Panamax,18.55,4229.5,1651.6,LNG,Calm,269.7
Feeder,14.81,2457.2,699.8,Hydrogen,Moderate,50.0
Tanker,15.5,6394.3,1543.2,Hydrogen,Moderate,218.9
Panamax,11.86,8353.9,836.9,Hydrogen,Calm,50.0
Panamax,20.96,4291.2,758.1,LNG,Calm,177.5
Container,12.06,6463.4,786.4,Conventional (HFO/MGO),Calm,59.1
Handymax,10.64,2247.2,799.0,Conventional (HFO/MGO),Calm,50.0
Handymax,12.35,2008.3,1512.8,Ammonia,Moderate,58.8
Tanker,16.44,9818.4,2073.5,Hydrogen,Moderate,354.9
Container,21.77,7707.0,817.4,Methanol,Calm,312.7
Tanker,17.31,4195.2,1821.6,Methanol,Calm,337.4
Ro-Ro,13.98,3826.5,608.4,LNG,Calm,50.0
Tanker,16.63,7690.9,218.5,LNG,Rough,50.0
Ro-Ro,18.28,4662.3,2186.4,Hydrogen,Calm,246.1
Ro-Ro,13.65,5492.7,953.0,Hydrogen,Calm,56.2
Handymax,11.7,4405.6,1754.3,Conventional (HFO/MGO),Moderate,63.7
Tanker,15.49,8585.7,290.5,Ammonia,Calm,50.0
Feeder,10.79,2208.2,1514.2,Methanol,Calm,50.0
Tanker,17.83,6793.7,1280.1,LNG,Rough,293.3
Feeder,15.13,2907.9,198.3,LNG,Moderate,50.0
Container,19.05,11395.1,1522.6,Ammonia,Calm,491.4
Ro-Ro,13.09,1864.2,1625.8,Ammonia,Moderate,77.7
Tanker,12.94,8811.5,1116.8,LNG,Moderate,113.4
Ro-Ro,17.05,3458.3,1007.7,LNG,Moderate,103.6
Tanker,12.42,2830.0,1029.0,Ammonia,Moderate,76.4
Handymax,17.19,3569.6,1072.6,Ammonia,Calm,107.2
Container,21.81,7210.5,472.6,Methanol,Calm,196.9
Panamax,18.93,6878.5,1872.9,Ammonia,Calm,379.0
Container,14.47,8295.5,1508.0,Hydrogen,Rough,236.8
Panamax,20.22,7511.1,159.9,Ammonia,Calm,50.0
Panamax,11.61,6482.8,208.6,LNG,Calm,50.0
Tanker,18.21,5272.0,860.7,Methanol,Calm,166.9
Tanker,17.62,9359.3,195.0,LNG,Calm,50.0
Panamax,13.97,3671.3,610.6,Methanol,Moderate,55.4
Handymax,12.7,3519.5,1230.5,Hydrogen,Calm,50.0
Ro-Ro,18.83,4642.9,1036.5,Hydrogen,Calm,138.8
Container,16.62,3795.7,709.9,Methanol,Calm,127.9
Handymax,18.6,2225.1,263.7,Methanol,Calm,50.0
Handymax,10.05,5908.2,1904.1,Hydrogen,Moderate,50.0
Ro-Ro,19.94,2958.5,2193.7,Hydrogen,Calm,281.5
Panamax,14.71,2943.0,271.9,Ammonia,Calm,50.0
Handymax,14.88,5105.2,177.5,Methanol,Moderate,50.0
Handymax,16.81,5996.7,341.4,Hydrogen,Moderate,50.0
Tanker,10.87,6911.7,1789.8,Hydrogen,Calm,81.6
Feeder,14.19,1066.0,1276.8,Ammonia,Moderate,50.0
Feeder,13.47,3156.7,1772.8,Hydrogen,Moderate,50.0
Feeder,15.8,765.4,1211.0,Conventional (HFO/MGO),Calm,50.0
Feeder,13.35,1600.6,401.7,Hydrogen,Calm,50.0
Handymax,18.08,6258.6,355.5,Ammonia,Calm,52.8
Feeder,15.62,2900.8,1166.5,Hydrogen,Moderate,50.0
Ro-Ro,18.23,6155.6,437.2,LNG,Rough,83.8
Panamax,12.27,2805.6,1550.6,Hydrogen,Calm,78.3
Ro-Ro,11.05,6217.5,1257.4,Methanol,Calm,51.6
Feeder,10.57,2059.3,1174.6,Conventional (HFO/MGO),Calm,50.0
Panamax,16.87,3838.6,1615.7,LNG,Moderate,218.5
Panamax,18.84,2274.3,1400.4,Hydrogen,Moderate,206.9
Feeder,13.32,2766.0,1993.1,Ammonia,Rough,54.2
Handymax,12.27,2592.2,1894.1,Hydrogen,Calm,58.4
Ro-Ro,12.96,2352.5,1230.5,Conventional (HFO/MGO),Calm,52.1
Container,20.74,11318.6,427.0,Ammonia,Calm,198.5
Ro-Ro,14.91,6600.1,318.8,Conventional (HFO/MGO),Rough,50.0
Ro-Ro,12.76,6615.0,1387.7,Conventional (HFO/MGO),Moderate,73.6
Panamax,16.82,5438.9,1692.3,Ammonia,Moderate,273.2
Tanker,17.8,4904.6,2192.2,Conventional (HFO/MGO),Calm,469.8
Panamax,16.74,4618.4,1848.8,LNG,Moderate,273.4
Feeder,16.3,3195.5,959.6,Methanol,Rough,50.0
Tanker,17.04,5401.1,172.5,Hydrogen,Moderate,50.0
Container,13.73,9784.0,534.1,Conventional (HFO/MGO),Moderate,65.0
Tanker,14.92,7471.4,493.0,Hydrogen,Calm,60.5
Handymax,10.98,4454.4,546.8,Conventional (HFO/MGO),Calm,50.0
Ro-Ro,17.35,4268.8,1337.1,Conventional (HFO/MGO),Calm,163.3
Panamax,15.75,2313.4,854.1,Ammonia,Moderate,103.9
Tanker,14.76,6822.7,1811.0,Methanol,Calm,218.8
Feeder,13.66,2173.6,1415.9,Methanol,Calm,50.0
Container,15.09,9056.1,1729.5,Ammonia,Rough,355.4
Container,19.49,3293.5,1525.9,Conventional (HFO/MGO),Moderate,409.1
Container,17.43,9721.1,765.6,Conventional (HFO/MGO),Calm,206.4
Panamax,15.65,5830.9,1205.5,Ammonia,Moderate,155.2
Tanker,11.78,2106.1,1854.6,Conventional (HFO/MGO),Moderate,103.9
Tanker,17.42,11874.9,1489.6,Hydrogen,Calm,336.8
Handymax,16.94,3895.5,772.3,Methanol,Moderate,82.9
Handymax,17.57,4297.9,731.1,LNG,Calm,73.8
Tanker,11.44,6883.8,1562.7,Methanol,Calm,95.1
Container,15.65,6593.8,801.2,Methanol,Calm,148.6
Feeder,17.95,1753.2,1583.5,Methanol,Moderate,77.9
Ro-Ro,15.61,4764.7,2082.6,Ammonia,Rough,235.8
Ro-Ro,11.03,4398.8,1653.3,Conventional (HFO/MGO),Calm,62.2
Ro-Ro,12.91,6279.3,620.6,Methanol,Moderate,50.0
Handymax,14.9,2622.9,1050.1,Methanol,Moderate,75.0
Tanker,16.42,3459.6,1146.4,Conventional (HFO/MGO),Moderate,156.2
Tanker,12.45,2405.9,1000.7,Conventional (HFO/MGO),Moderate,64.7
Ro-Ro,12.07,5104.4,1238.9,Conventional (HFO/MGO),Moderate,56.2
Handymax,13.26,4612.7,1146.2,Conventional (HFO/MGO),Calm,56.8
Handymax,12.67,4413.5,754.6,Hydrogen,Calm,50.0
Panamax,11.16,2716.2,1864.4,Ammonia,Calm,84.3
Container,19.67,7405.5,1873.2,LNG,Moderate,625.1
Tanker,17.13,10713.5,1864.4,LNG,Calm,383.8
Panamax,20.43,3286.3,1762.0,Hydrogen,Moderate,361.0
Panamax,19.52,4388.9,473.1,Hydrogen,Calm,93.6
Container,19.02,13860.6,1984.8,Conventional (HFO/MGO),Moderate,726.4
Tanker,14.49,7506.4,1754.5,Conventional (HFO/MGO),Calm,236.3
Feeder,13.85,3069.6,1191.1,Ammonia,Moderate,50.0
Tanker,12.78,11032.3,623.6,LNG,Moderate,64.2
Ro-Ro,13.01,5402.0,1306.7,Hydrogen,Calm,61.3
Handymax,16.12,5964.7,1758.3,Ammonia,Moderate,189.4
Feeder,14.22,1566.4,1860.7,Ammonia,Rough,53.8
Ro-Ro,16.48,5548.9,916.0,Conventional (HFO/MGO),Moderate,99.7
Container,18.92,6133.9,1763.0,LNG,Calm,444.8
Ro-Ro,19.64,6458.7,644.1,LNG,Rough,135.8
Feeder,17.35,2272.5,2155.8,Ammonia,Calm,84.3
Ro-Ro,14.12,5456.9,776.0,Conventional (HFO/MGO),Moderate,58.4
Handymax,16.73,1842.5,1615.4,LNG,Moderate,132.2
Ro-Ro,19.59,1821.9,1542.1,Ammonia,Calm,252.8
Ro-Ro,17.41,6105.1,1596.0,Hydrogen,Moderate,192.5
Panamax,11.21,5614.4,1616.9,Conventional (HFO/MGO),Calm,75.7
Feeder,14.54,1537.2,563.0,LNG,Calm,50.0
Handymax,18.36,2482.9,1200.1,Methanol,Moderate,151.7
Container,13.09,11245.0,2103.1,LNG,Calm,212.7
Tanker,10.42,2613.3,1664.4,Conventional (HFO/MGO),Calm,66.6
Container,12.25,7340.3,1260.4,Conventional (HFO/MGO),Moderate,117.1
Handymax,16.78,2589.9,637.3,Methanol,Rough,68.5
Handymax,12.48,1855.6,226.7,Methanol,Rough,50.0
Panamax,12.59,3389.2,689.3,Conventional (HFO/MGO),Moderate,50.0
Panamax,18.19,8357.3,1918.8,Ammonia,Rough,546.8
Ro-Ro,12.89,2324.9,1437.6,LNG,Moderate,68.2
Container,20.61,9838.9,1043.0,Ammonia,Calm,439.1
Tanker,15.44,4479.7,657.0,Conventional (HFO/MGO),Calm,76.6
Feeder,17.71,716.5,2021.4,LNG,Calm,69.9
Feeder,15.82,2146.8,1638.5,Ammonia,Calm,51.0
Container,20.73,11419.5,1908.3,Conventional (HFO/MGO),Moderate,782.6
Panamax,14.95,8032.7,1477.3,Methanol,Calm,183.7
Panamax,19.13,6788.5,618.5,Conventional (HFO/MGO),Calm,134.5
Container,22.96,2488.2,621.1,Conventional (HFO/MGO),Calm,232.8
Panamax,19.48,7760.7,1400.7,Methanol,Calm,312.0
Tanker,12.21,10977.8,1950.5,Ammonia,Moderate,176.4
Handymax,16.8,4853.1,1043.3,Ammonia,Moderate,116.6
Tanker,15.74,9891.5,226.3,Ammonia,Rough,51.9
Ro-Ro,11.36,6405.7,1502.7,Hydrogen,Moderate,55.5
Feeder,12.43,1066.9,1100.8,LNG,Moderate,50.0
Feeder,13.36,813.6,1896.7,Hydrogen,Calm,50.0
Feeder,16.14,1893.1,1267.3,Ammonia,Moderate,50.0
Ro-Ro,16.64,7140.6,1796.8,Conventional (HFO/MGO),Calm,233.8
Feeder,12.06,2230.8,1126.3,Methanol,Calm,50.0
Panamax,19.66,7649.1,2023.4,Ammonia,Rough,684.9
Handymax,17.2,4240.5,930.1,Conventional (HFO/MGO),Rough,127.1
Feeder,14.74,802.6,1913.7,Ammonia,Moderate,50.0
Panamax,13.19,2972.7,209.8,Hydrogen,Calm,50.0
Tanker,11.18,7752.7,689.8,Methanol,Calm,50.0
Feeder,16.49,852.3,1643.7,Ammonia,Calm,53.9
Handymax,13.42,6130.0,1602.2,Ammonia,Calm,103.5
Ro-Ro,15.12,2065.2,361.4,Ammonia,Rough,50.0
Handymax,16.13,2862.6,936.6,Ammonia,Moderate,82.3
Handymax,12.07,5773.8,1577.2,Conventional (HFO/MGO),Moderate,80.8
Ro-Ro,18.1,2121.9,2189.3,Methanol,Rough,334.1
Ro-Ro,17.14,5864.7,436.4,Ammonia,Rough,74.7
Panamax,14.0,4017.6,2127.6,Ammonia,Moderate,196.5
Feeder,11.82,2709.0,2028.7,Ammonia,Calm,50.0
Ro-Ro,19.38,4341.4,1545.0,Ammonia,Moderate,272.0
Tanker,13.0,5644.5,1011.0,Hydrogen,Rough,94.9
Ro-Ro,11.07,2592.0,2156.3,LNG,Calm,65.3
Container,12.3,7048.0,1799.4,Ammonia,Moderate,158.5
Container,18.85,10363.1,695.5,Hydrogen,Moderate,201.8
Feeder,17.52,2653.2,1753.8,Hydrogen,Calm,64.9
Handymax,10.31,4628.1,1660.5,Methanol,Moderate,50.0
Tanker,15.36,6119.1,1313.6,Ammonia,Calm,189.6
Panamax,16.78,2683.2,575.8,Conventional (HFO/MGO),Calm,69.2
Tanker,17.24,2700.3,266.8,Ammonia,Moderate,53.3
Panamax,12.07,5386.4,2196.6,Methanol,Calm,121.8
Container,22.84,11381.3,1906.8,Ammonia,Moderate,1144.6
Feeder,15.93,2460.4,272.7,Conventional (HFO/MGO),Calm,50.0
Panamax,12.98,3778.8,756.9,Methanol,Moderate,56.2
Feeder,12.54,1957.4,228.1,LNG,Rough,50.0
Container,18.1,10598.7,1086.5,LNG,Calm,274.5
Panamax,15.23,7896.9,2191.7,Methanol,Moderate,285.2
Ro-Ro,19.57,6583.9,591.8,Methanol,Calm,106.2
Handymax,14.41,3057.8,815.9,Ammonia,Calm,51.5
Panamax,13.44,6146.6,1452.7,Methanol,Moderate,127.4
Panamax,11.02,2164.1,1598.9,Conventional (HFO/MGO),Rough,86.1
Handymax,16.56,6385.9,1115.1,Hydrogen,Calm,105.3
Panamax,18.07,8014.9,910.9,Ammonia,Moderate,199.7
Handymax,12.18,2103.6,223.7,Methanol,Moderate,50.0
Container,16.72,2839.7,996.4,LNG,Calm,189.6
Panamax,16.06,5923.4,1596.2,Ammonia,Calm,219.8
Handymax,13.97,5459.0,1135.9,Conventional (HFO/MGO),Moderate,71.4
Container,22.3,6193.5,1649.3,LNG,Calm,717.5
Tanker,18.11,4505.2,1639.8,LNG,Calm,360.1
Handymax,15.6,2788.6,482.3,Methanol,Rough,50.0
Panamax,15.13,2283.1,1124.5,LNG,Calm,103.5
Tanker,15.76,9427.9,1591.5,Methanol,Moderate,270.2
Handymax,16.02,1224.3,298.7,LNG,Moderate,50.0
Ro-Ro,16.73,2007.5,954.6,Hydrogen,Moderate,94.2
Panamax,14.3,6955.0,876.2,Ammonia,Calm,78.6
Panamax,12.24,3660.2,1847.2,LNG,Rough,134.3
Panamax,15.56,7578.2,801.7,LNG,Calm,89.4
Tanker,15.93,4547.5,199.7,Methanol,Moderate,50.0
Feeder,12.52,2897.1,1441.9,LNG,Moderate,50.0
Ro-Ro,14.06,3397.9,922.3,Ammonia,Moderate,75.0
Ro-Ro,13.05,4963.7,1465.2,LNG,Calm,74.4
Tanker,10.29,7909.9,581.1,Hydrogen,Rough,50.0
Panamax,12.21,3224.9,1586.2,Hydrogen,Moderate,79.6
Ro-Ro,16.12,7092.9,1020.6,Methanol,Rough,131.8
Ro-Ro,18.01,1464.7,503.0,LNG,Calm,50.0
Panamax,11.1,2962.5,770.2,Hydrogen,Calm,50.0
Tanker,17.62,9125.6,757.0,Conventional (HFO/MGO),Calm,160.9
Container,16.38,11080.1,1673.4,LNG,Moderate,341.0
Handymax,18.42,1574.6,1889.6,Hydrogen,Calm,188.1
Feeder,14.8,1365.3,1260.5,Conventional (HFO/MGO),Moderate,50.0
Tanker,10.62,9152.5,466.9,Hydrogen,Moderate,50.0
Feeder,13.09,2921.6,1443.2,Methanol,Calm,50.0
Ro-Ro,13.58,4022.0,1741.3,Conventional (HFO/MGO),Rough,136.1
Container,12.66,10353.9,740.8,Conventional (HFO/MGO),Moderate,80.6
Panamax,14.75,8046.7,1482.5,Conventional (HFO/MGO),Rough,204.9
Ro-Ro,18.25,6459.3,2063.9,LNG,Moderate,324.7
Ro-Ro,13.42,6980.6,2153.4,LNG,Moderate,126.1
Ro-Ro,18.65,5663.2,1620.0,LNG,Moderate,260.1
Feeder,13.14,3077.7,526.0,Ammonia,Calm,50.0
Ro-Ro,19.12,2938.2,264.9,Hydrogen,Moderate,50.0
Container,21.44,8287.5,1919.9,Ammonia,Calm,855.9
Handymax,13.5,4324.5,1757.2,Methanol,Calm,91.6
Panamax,20.52,6386.2,442.3,Hydrogen,Moderate,106.3
Ro-Ro,11.28,4130.0,808.8,LNG,Calm,50.0
Ro-Ro,13.6,2515.7,1266.8,Hydrogen,Moderate,71.5
Handymax,16.4,5200.0,1529.4,Methanol,Moderate,162.9
Container,15.52,7224.1,2099.3,LNG,Calm,346.8
Handymax,15.57,2386.3,2118.4,Ammonia,Calm,157.1
Tanker,12.17,10261.1,600.9,Methanol,Moderate,56.3
Panamax,11.42,8557.5,301.1,Ammonia,Rough,50.0
Handymax,10.32,4529.9,1416.6,Methanol,Moderate,50.0
Tanker,18.96,7396.8,338.2,Ammonia,Calm,101.3
Tanker,13.92,3341.2,873.7,Ammonia,Calm,96.4
Handymax,11.06,2818.0,249.5,Hydrogen,Moderate,50.0
Ro-Ro,14.02,6455.9,1845.0,Conventional (HFO/MGO),Moderate,129.1
Feeder,15.78,3367.4,296.7,Ammonia,Calm,50.0
Ro-Ro,17.25,2394.8,2147.1,Ammonia,Rough,287.2
Container,19.35,2438.6,1562.0,Hydrogen,Calm,329.1
Ro-Ro,19.15,6448.3,488.1,Ammonia,Calm,86.6
Ro-Ro,17.39,3751.4,514.3,LNG,Moderate,60.9
Container,19.06,6605.3,1745.6,Methanol,Moderate,487.3
Container,17.89,2889.7,1516.8,Methanol,Calm,294.6
Handymax,14.75,5705.1,1525.1,Ammonia,Calm,108.5
Panamax,11.41,3167.5,1375.4,Ammonia,Calm,62.8
Feeder,16.3,770.2,1053.3,Methanol,Rough,50.0
Ro-Ro,11.19,2655.4,1100.5,Methanol,Calm,50.0
Feeder,17.04,2651.4,644.5,Hydrogen,Calm,50.0
Ro-Ro,14.12,2613.7,1570.7,LNG,Calm,100.4
Tanker,16.75,4988.1,1630.2,Methanol,Moderate,314.0
Tanker,11.31,4661.1,1952.5,LNG,Calm,94.1
Tanker,13.26,8220.5,1867.6,Conventional (HFO/MGO),Calm,194.5
Tanker,12.63,8587.2,1832.2,Hydrogen,Calm,158.6
Handymax,18.09,5883.0,1518.3,Conventional (HFO/MGO),Rough,247.2
Feeder,10.03,758.2,1076.4,Conventional (HFO/MGO),Moderate,50.0
Container,16.95,2808.6,613.6,Hydrogen,Rough,126.9
Handymax,11.38,6433.1,622.4,LNG,Moderate,50.0
Ro-Ro,17.45,4956.9,1544.3,Conventional (HFO/MGO),Calm,173.3
Handymax,18.73,1988.0,980.5,Methanol,Calm,114.5
Handymax,14.38,1384.0,509.2,Hydrogen,Calm,50.0
Tanker,11.06,4833.4,308.4,LNG,Rough,50.0
Ro-Ro,17.14,4570.2,1124.8,Ammonia,Moderate,134.2
Tanker,18.17,4943.7,874.2,Conventional (HFO/MGO),Calm,176.2
Feeder,12.99,752.3,1004.1,LNG,Calm,50.0
Handymax,18.65,4859.5,1700.1,LNG,Rough,284.5
Feeder,10.33,982.1,901.5,Methanol,Moderate,50.0
Panamax,18.49,3035.5,162.4,LNG,Calm,50.0
Ro-Ro,13.43,1641.9,1314.4,Methanol,Moderate,75.2
Tanker,15.71,5834.8,249.1,Hydrogen,Rough,50.0
Panamax,19.61,7011.7,1640.9,LNG,Moderate,397.3
Feeder,12.62,3129.0,909.0,Hydrogen,Calm,50.0
Feeder,14.01,2432.7,222.3,Hydrogen,Calm,50.0
Handymax,16.12,6305.3,1502.7,LNG,Calm,144.4
Ro-Ro,17.06,6740.3,768.1,Ammonia,Moderate,112.7
Ro-Ro,18.93,7361.5,389.0,Hydrogen,Moderate,62.1
Tanker,16.14,5874.0,846.8,Methanol,Moderate,134.3
Feeder,14.23,2293.8,976.2,Methanol,Calm,50.0
Tanker,12.69,3751.2,2019.3,Hydrogen,Rough,168.7
Tanker,18.72,7864.9,650.6,Hydrogen,Moderate,169.4
Handymax,10.24,5602.2,1695.0,Hydrogen,Calm,50.0
Ro-Ro,18.43,6681.7,231.1,Hydrogen,Moderate,50.0
Panamax,19.79,6903.2,1747.4,Ammonia,Moderate,436.6
Panamax,12.15,6915.8,1474.3,Methanol,Moderate,90.5
Tanker,14.09,9962.2,1919.3,Hydrogen,Moderate,221.0
Ro-Ro,11.91,4931.6,1639.9,Conventional (HFO/MGO),Calm,62.6
Feeder,10.5,1617.7,1138.3,Methanol,Rough,50.0
Panamax,11.08,2675.6,1689.3,Conventional (HFO/MGO),Calm,75.8
Handymax,17.09,1749.0,701.4,Ammonia,Moderate,69.1
Feeder,10.61,2871.2,306.6,Ammonia,Calm,50.0
Container,12.02,4338.7,1746.1,Hydrogen,Calm,105.1
Panamax,12.11,6954.4,275.8,Conventional (HFO/MGO),Moderate,50.0
Ro-Ro,16.7,3270.8,1858.8,Conventional (HFO/MGO),Moderate,187.7
Container,21.05,9855.8,926.3,LNG,Calm,389.7
Feeder,12.4,2826.1,2199.9,LNG,Calm,50.0
Container,17.48,11565.0,1613.1,Hydrogen,Moderate,377.2
Tanker,18.2,4464.4,216.2,LNG,Calm,50.0
Container,22.29,6418.3,1972.6,LNG,Moderate,808.0
Panamax,13.71,7149.9,1748.9,Conventional (HFO/MGO),Calm,151.1
Handymax,11.01,4108.5,1787.6,Ammonia,Moderate,58.7
Handymax,13.72,2608.5,373.3,LNG,Moderate,50.0
Tanker,15.28,2995.3,935.2,Conventional (HFO/MGO),Moderate,127.0
Ro-Ro,18.74,6393.8,1394.1,LNG,Rough,272.5
Feeder,16.75,2074.6,860.2,Conventional (HFO/MGO),Calm,50.0
Tanker,11.65,9763.2,726.9,Conventional (HFO/MGO),Moderate,52.2
Ro-Ro,19.16,2784.3,732.2,LNG,Moderate,107.8
Feeder,17.73,1571.5,1498.6,Conventional (HFO/MGO),Calm,56.0
Feeder,15.4,1521.1,1963.5,Methanol,Moderate,59.8
Ro-Ro,16.58,6282.6,426.6,Methanol,Rough,72.4
Ro-Ro,19.6,1572.0,938.2,Ammonia,Moderate,136.2
Feeder,11.13,2094.0,2082.3,Ammonia,Rough,50.0
Panamax,12.22,5036.5,655.1,Ammonia,Moderate,50.0
Feeder,12.4,2797.5,1346.4,LNG,Moderate,50.0
Panamax,11.14,2570.5,1090.6,LNG,Rough,55.8
Feeder,17.25,1521.8,2059.1,Ammonia,Moderate,89.4
Panamax,13.39,7650.6,1482.4,Hydrogen,Moderate,133.3
Feeder,10.29,1314.6,1949.9,Hydrogen,Moderate,50.0
Ro-Ro,15.54,6230.5,1712.2,LNG,Calm,146.8
Feeder,16.29,1957.7,1269.8,Ammonia,Calm,50.0
Tanker,11.9,8771.0,893.1,Conventional (HFO/MGO),Moderate,71.7
Ro-Ro,14.25,2613.0,1571.8,Conventional (HFO/MGO),Rough,128.9
Feeder,16.89,2874.7,1315.6,Hydrogen,Moderate,51.6
Handymax,16.35,5052.6,608.6,Conventional (HFO/MGO),Rough,71.7
Container,22.65,5367.8,2020.6,Hydrogen,Moderate,759.8
Tanker,15.89,7150.9,1535.1,Ammonia,Calm,275.2
Ro-Ro,14.4,5897.9,2088.1,Conventional (HFO/MGO),Rough,195.7
Container,18.33,4090.1,1342.3,Methanol,Calm,320.4
Tanker,17.51,9174.8,1658.5,LNG,Calm,319.4
Ro-Ro,11.68,2349.3,2156.1,Ammonia,Moderate,102.6
Ro-Ro,15.4,6108.3,824.2,Conventional (HFO/MGO),Calm,69.5
Tanker,12.64,8909.4,731.2,Hydrogen,Calm,51.8
Container,19.54,11312.5,481.8,Ammonia,Moderate,186.1
Ro-Ro,18.12,7007.5,158.5,Methanol,Calm,50.0
Feeder,12.37,1533.6,811.3,Methanol,Calm,50.0
Handymax,14.18,3677.3,207.4,Methanol,Calm,50.0
Panamax,18.91,2593.1,1164.4,Ammonia,Moderate,224.3
Container,22.97,3880.5,1206.8,Hydrogen,Moderate,506.5
Tanker,15.75,2825.7,1669.3,Conventional (HFO/MGO),Moderate,260.1
Feeder,16.63,1894.9,2180.5,Ammonia,Moderate,83.5
Tanker,15.23,8668.3,2078.6,Methanol,Moderate,328.0
Handymax,17.09,2921.3,205.6,Methanol,Calm,50.0
Ro-Ro,14.38,2452.0,1125.7,Conventional (HFO/MGO),Calm,81.0
Container,13.74,3886.0,1364.7,Hydrogen,Calm,117.2
Feeder,12.92,2224.9,2186.6,Methanol,Calm,50.0
Handymax,14.35,5361.8,1274.7,Ammonia,Moderate,97.6
Tanker,18.11,5981.5,1393.9,Conventional (HFO/MGO),Moderate,294.2
Tanker,18.51,6991.0,1940.6,Conventional (HFO/MGO),Calm,421.8
Container,14.54,7180.5,2069.3,LNG,Rough,345.1
Ro-Ro,16.51,5518.5,1551.7,LNG,Moderate,181.4
Tanker,18.76,9563.9,2093.9,Conventional (HFO/MGO),Calm,567.5
Handymax,18.18,2581.1,1572.3,LNG,Calm,159.8
Ro-Ro,18.6,7995.4,1426.5,Methanol,Moderate,276.0
Panamax,19.09,7260.3,1235.6,Conventional (HFO/MGO),Calm,283.5
Handymax,18.47,4264.7,1195.7,LNG,Moderate,148.3
Handymax,10.85,4449.8,824.5,LNG,Calm,50.0
Tanker,18.3,10530.9,2181.7,LNG,Rough,649.2
Handymax,16.28,1382.4,2187.5,LNG,Calm,161.5
Handymax,18.23,4649.5,1373.8,Hydrogen,Calm,144.9
Feeder,14.12,2471.1,292.7,Hydrogen,Calm,50.0
Panamax,17.22,4927.3,2070.1,LNG,Calm,293.7
Container,19.33,8882.2,959.5,Ammonia,Calm,344.9
Container,22.22,13688.5,1271.4,Hydrogen,Moderate,664.1
Panamax,17.59,2333.7,2082.0,Ammonia,Moderate,334.8
Container,17.22,9013.0,1741.6,Methanol,Calm,371.4
Tanker,18.93,2511.8,692.9,Hydrogen,Moderate,146.0
Handymax,14.86,4317.1,1002.9,Conventional (HFO/MGO),Calm,71.3
Feeder,16.38,1504.1,1851.9,Methanol,Moderate,69.1
Handymax,16.14,3324.6,1736.2,Hydrogen,Calm,133.6
Container,13.97,4455.2,441.5,Ammonia,Rough,67.9
Container,19.64,11306.4,1230.5,Conventional (HFO/MGO),Rough,544.1
Panamax,17.06,3656.0,1993.9,Hydrogen,Moderate,232.9
Handymax,10.96,5507.2,663.1,Conventional (HFO/MGO),Rough,50.0
Panamax,19.33,2343.9,326.4,Ammonia,Moderate,61.9
Feeder,16.41,3241.2,1723.7,LNG,Rough,77.2
Container,15.79,11594.4,1543.5,Hydrogen,Moderate,276.2
Ro-Ro,16.57,4255.5,684.0,Methanol,Calm,62.7
Container,19.47,9151.5,1974.1,LNG,Moderate,653.2
Handymax,16.41,2139.1,1182.1,LNG,Calm,88.7
Container,22.22,11172.3,562.1,Ammonia,Rough,371.0
Feeder,10.34,1185.7,1538.4,Ammonia,Rough,50.0
Ro-Ro,16.29,7997.8,1789.3,LNG,Rough,265.5
Tanker,14.56,3591.9,1604.6,Ammonia,Moderate,219.2
Tanker,17.06,8563.3,896.6,LNG,Rough,203.0
Handymax,11.5,3871.5,313.7,Conventional (HFO/MGO),Moderate,50.0
Feeder,17.15,3372.0,1067.5,Methanol,Calm,50.0
Feeder,13.25,2244.0,1516.8,Hydrogen,Moderate,50.0
Tanker,13.4,10314.4,1548.6,LNG,Moderate,171.5
Feeder,10.32,1263.1,437.6,Methanol,Calm,50.0
Handymax,11.04,1734.8,404.7,Hydrogen,Calm,50.0
Ro-Ro,13.49,6979.2,839.8,Conventional (HFO/MGO),Calm,50.0
Ro-Ro,16.04,3643.7,1988.5,LNG,Rough,203.9
Tanker,14.27,5332.1,1786.5,LNG,Calm,194.7
Handymax,14.33,2979.6,897.8,LNG,Moderate,56.3
Container,12.48,10617.8,1159.2,LNG,Moderate,113.9
Tanker,15.64,2544.4,1243.2,Hydrogen,Moderate,172.8
Container,14.59,3410.7,1796.5,Hydrogen,Rough,240.5
Ro-Ro,11.04,6215.4,1102.9,Hydrogen,Moderate,50.0
Feeder,16.73,808.2,533.7,LNG,Calm,50.0
Container,18.33,7039.1,1441.5,Conventional (HFO/MGO),Rough,459.6
Feeder,13.7,884.5,1775.9,Methanol,Rough,50.0
Container,17.15,10106.0,495.1,Ammonia,Rough,163.8
Tanker,17.25,6691.9,2096.8,LNG,Moderate,381.8
Handymax,14.66,5238.1,365.3,Methanol,Calm,50.0
Panamax,20.56,2249.0,702.1,Ammonia,Rough,200.8
Ro-Ro,14.07,7231.0,1212.1,Methanol,Calm,100.7
Container,20.04,9725.4,1381.5,Conventional (HFO/MGO),Calm,518.0
Panamax,20.47,4799.2,1166.6,Conventional (HFO/MGO),Calm,315.3
Container,13.05,9611.6,1143.5,Hydrogen,Moderate,127.1
Feeder,16.92,1806.3,915.9,Hydrogen,Moderate,50.0
Tanker,14.53,2910.3,593.5,LNG,Rough,67.6
Feeder,12.98,2557.9,2016.2,Ammonia,Moderate,50.0
Handymax,13.26,5110.5,1743.3,LNG,Moderate,99.9
Panamax,13.89,8582.7,1285.4,LNG,Moderate,134.0
Panamax,19.69,3681.9,1963.7,Ammonia,Calm,408.7
Panamax,14.24,3893.6,1520.7,Ammonia,Rough,173.1
Panamax,16.27,4756.4,1687.2,Hydrogen,Moderate,211.9
Ro-Ro,19.87,5940.8,286.9,Hydrogen,Moderate,50.0
Ro-Ro,16.45,5604.5,554.2,Conventional (HFO/MGO),Calm,55.0
Container,21.64,4691.7,1731.7,Methanol,Moderate,724.7
Feeder,11.23,1246.4,1239.9,Methanol,Calm,50.0
Panamax,11.57,4376.7,1909.8,Hydrogen,Calm,82.4
Feeder,17.44,1678.4,1157.7,Conventional (HFO/MGO),Moderate,50.0
Tanker,10.13,3957.2,537.1,Hydrogen,Moderate,50.0
Handymax,17.67,5133.7,307.1,Conventional (HFO/MGO),Calm,50.0
Container,20.34,7239.1,992.1,Conventional (HFO/MGO),Moderate,330.7
Handymax,15.89,2863.2,1256.7,Ammonia,Calm,105.7
Tanker,18.07,11789.0,1248.4,Methanol,Moderate,381.7
Feeder,17.62,1978.6,1982.8,Conventional (HFO/MGO),Moderate,88.5
Tanker,11.76,4030.7,1615.9,Methanol,Calm,106.7
Handymax,14.41,2637.3,325.5,Methanol,Moderate,50.0
Panamax,16.56,2988.2,1096.4,Hydrogen,Calm,112.9
Ro-Ro,11.11,3320.9,1238.7,Hydrogen,Moderate,50.0
Feeder,16.01,1833.8,1029.3,Ammonia,Calm,50.0
Handymax,12.89,4111.8,1696.0,Methanol,Moderate,83.1
Feeder,10.9,3414.8,1057.1,Ammonia,Rough,50.0
Ro-Ro,18.2,1902.7,319.6,Methanol,Calm,50.0
Feeder,14.12,2941.6,1909.8,Conventional (HFO/MGO),Calm,50.0
Container,14.9,13137.6,2195.4,Conventional (HFO/MGO),Calm,374.5
Panamax,15.46,2442.6,452.8,LNG,Calm,50.0
Feeder,16.01,2201.7,1036.9,Ammonia,Moderate,50.0
Ro-Ro,11.44,6571.0,434.6,Ammonia,Moderate,50.0
Container,18.42,3013.2,1737.1,Ammonia,Calm,445.1
Panamax,18.59,7943.2,1101.8,LNG,Moderate,230.5
Tanker,12.9,5706.5,621.5,Hydrogen,Moderate,50.0
Tanker,15.49,8479.2,376.0,Ammonia,Calm,62.7
Tanker,18.38,7557.5,590.1,Methanol,Moderate,148.5
Ro-Ro,17.24,2590.2,671.8,Conventional (HFO/MGO),Calm,65.8
Handymax,12.07,5421.2,1712.2,Hydrogen,Calm,61.5
Panamax,12.65,8703.5,1826.4,LNG,Calm,131.1
Panamax,11.32,4120.6,411.5,LNG,Calm,50.0
Feeder,13.75,1848.5,908.5,Methanol,Moderate,50.0
Ro-Ro,11.61,5350.1,547.0,Ammonia,Calm,50.0
Tanker,18.8,5949.0,676.8,Hydrogen,Moderate,150.9
Ro-Ro,18.62,4184.3,1291.8,Methanol,Calm,204.9
Handymax,11.61,3044.9,1184.6,Ammonia,Calm,50.0
Panamax,15.93,4959.4,1786.3,Conventional (HFO/MGO),Calm,229.2
Tanker,12.98,11513.4,1873.0,LNG,Calm,188.9
Panamax,11.86,3485.9,1239.7,Ammonia,Moderate,70.7
Panamax,20.62,2345.0,1749.1,Methanol,Calm,373.1
Container,14.91,7616.0,1952.8,Methanol,Moderate,299.3
Handymax,15.69,4454.1,973.6,Conventional (HFO/MGO),Calm,73.6
Handymax,10.67,3166.1,1255.2,LNG,Rough,50.0
Ro-Ro,18.49,3032.3,2116.5,LNG,Calm,254.3
Feeder,16.91,694.5,1892.2,Ammonia,Moderate,69.4
Tanker,15.76,9548.3,1749.2,Methanol,Calm,281.8
Panamax,15.24,7497.4,1393.5,Conventional (HFO/MGO),Moderate,178.6
Feeder,15.94,962.5,2156.1,LNG,Rough,74.9
Feeder,14.09,2094.2,1831.2,Ammonia,Calm,50.0
Container,21.67,7594.4,1878.6,LNG,Moderate,729.1
Handymax,13.76,2445.5,336.5,Ammonia,Moderate,50.0
Feeder,10.3,665.8,1985.6,Hydrogen,Moderate,50.0
Panamax,12.62,6764.3,1632.3,Conventional (HFO/MGO),Moderate,113.9
Handymax,13.0,2746.7,1022.1,Ammonia,Rough,58.8
Panamax,19.1,2739.6,981.1,Methanol,Moderate,195.3
Feeder,13.62,2773.4,1637.3,Conventional (HFO/MGO),Moderate,50.0
Ro-Ro,14.37,3232.7,1807.4,Conventional (HFO/MGO),Moderate,130.4
Handymax,12.79,4889.0,485.3,Conventional (HFO/MGO),Calm,50.0
Container,12.87,5402.6,1945.0,Conventional (HFO/MGO),Calm,173.3
Tanker,14.78,7252.9,185.3,Methanol,Calm,50.0
Ro-Ro,14.67,4045.0,2163.2,Ammonia,Moderate,162.2
Panamax,19.98,5319.5,1496.2,Methanol,Moderate,352.3
Handymax,18.89,4018.3,605.2,Ammonia,Moderate,93.3
Ro-Ro,11.78,5921.4,2116.1,Methanol,Calm,83.2
Feeder,10.88,1391.0,953.3,Ammonia,Moderate,50.0
Panamax,13.56,4591.2,230.5,Conventional (HFO/MGO),Moderate,50.0
Feeder,15.87,2677.1,473.3,Hydrogen,Moderate,50.0
Container,13.44,3908.0,1392.1,Methanol,Moderate,158.8
Container,19.96,13802.8,1574.0,Ammonia,Calm,723.7
Container,15.97,11273.1,392.4,Ammonia,Calm,78.8
Handymax,17.8,1815.5,932.7,Ammonia,Moderate,100.7
Container,18.6,3777.8,1681.9,LNG,Calm,376.9
Handymax,12.32,2625.1,1372.1,Hydrogen,Moderate,51.4
Feeder,11.4,3287.6,491.6,Methanol,Moderate,50.0
Container,13.85,4690.6,1383.8,Ammonia,Calm,160.4
Ro-Ro,13.39,3701.8,1566.8,Methanol,Moderate,83.9
Feeder,12.83,2465.3,1707.7,Conventional (HFO/MGO),Rough,50.0
Feeder,17.04,1433.8,1297.3,Methanol,Moderate,53.6
Handymax,12.57,5452.1,1977.6,Hydrogen,Rough,95.9
Ro-Ro,18.06,5780.4,1036.1,Ammonia,Moderate,169.0
Feeder,17.98,1398.5,1465.6,Methanol,Calm,66.0
Handymax,13.01,3259.5,266.2,LNG,Calm,50.0
Feeder,10.17,795.6,551.5,LNG,Calm,50.0
Container,16.33,8766.4,381.3,Methanol,Moderate,88.0
Panamax,12.53,6326.4,461.5,Conventional (HFO/MGO),Calm,50.0
Tanker,11.96,8585.4,365.8,Hydrogen,Calm,50.0
Tanker,15.4,7490.2,1475.2,Hydrogen,Rough,208.7
Feeder,16.13,1425.9,1707.2,Methanol,Calm,59.2
Panamax,17.28,2417.0,1065.4,Hydrogen,Moderate,152.7
Handymax,10.77,2957.7,1154.3,Methanol,Calm,50.0
Handymax,13.57,1335.9,1213.7,Methanol,Moderate,61.8
Handymax,13.7,3944.5,1964.3,Hydrogen,Calm,94.8
Feeder,12.86,1654.5,1791.7,Ammonia,Moderate,50.0
Handymax,14.31,1523.2,554.5,Methanol,Moderate,50.0
Handymax,12.55,1408.2,1124.0,Methanol,Moderate,50.0
Panamax,12.46,2184.3,2066.4,Hydrogen,Rough,121.8
Ro-Ro,18.66,4370.9,390.1,Methanol,Calm,54.2
Handymax,15.42,2858.8,482.3,Hydrogen,Calm,50.0
Panamax,16.31,6545.3,730.4,Ammonia,Moderate,105.8
Handymax,14.39,5703.3,256.2,Conventional (HFO/MGO),Moderate,50.0
Container,17.43,4719.1,1889.5,Hydrogen,Calm,380.9
Tanker,14.13,8440.3,1845.6,Conventional (HFO/MGO),Moderate,254.9
Panamax,17.04,2721.8,539.7,Methanol,Moderate,79.3
Ro-Ro,15.36,3394.7,1049.5,LNG,Calm,75.3
Feeder,16.95,2954.6,358.4,LNG,Calm,50.0
Ro-Ro,18.41,4122.6,1898.1,LNG,Calm,221.9
Tanker,16.59,11426.1,1114.1,Hydrogen,Calm,197.3
Panamax,19.6,4726.7,1651.2,Ammonia,Calm,372.1
Handymax,13.8,2137.5,1710.8,Methanol,Moderate,94.7
Tanker,12.17,7541.7,1896.4,Conventional (HFO/MGO),Calm,130.5
Tanker,17.33,7984.7,871.3,Hydrogen,Moderate,182.4
Ro-Ro,14.62,4529.4,1186.0,LNG,Rough,110.8
Ro-Ro,19.66,2754.9,172.8,LNG,Moderate,50.0
Tanker,13.67,7620.0,1855.6,Hydrogen,Rough,240.0
Container,18.79,3161.5,372.4,Ammonia,Calm,100.3
Feeder,15.72,704.8,1776.0,Methanol,Moderate,52.8
Container,20.68,8442.9,1217.1,Methanol,Rough,523.7
Tanker,10.32,7259.4,2018.9,Ammonia,Rough,125.1
Handymax,17.29,2808.1,2071.2,Methanol,Calm,206.3
Handymax,13.64,3150.0,807.9,Hydrogen,Rough,50.0
Handymax,13.09,3187.1,584.1,Ammonia,Calm,50.0
Ro-Ro,15.08,6374.6,1046.0,Conventional (HFO/MGO),Moderate,103.2
Container,20.53,11802.4,1868.0,Methanol,Calm,783.1
Tanker,18.48,7612.6,1160.6,Ammonia,Moderate,312.3
Panamax,12.65,6939.6,1606.4,Methanol,Calm,104.6
Feeder,15.85,2473.6,469.2,Methanol,Calm,50.0
Ro-Ro,15.48,4457.6,845.7,Conventional (HFO/MGO),Moderate,71.8
Container,19.11,7269.3,1938.4,Hydrogen,Calm,463.6
Container,22.89,3167.0,1284.1,Conventional (HFO/MGO),Calm,565.4
Tanker,11.74,2985.4,166.4,Conventional (HFO/MGO),Moderate,50.0
Panamax,20.39,6592.4,691.8,Conventional (HFO/MGO),Calm,185.8
Container,21.43,8063.0,2156.4,Methanol,Moderate,924.8
Handymax,16.64,5224.7,200.1,Hydrogen,Calm,50.0
Handymax,18.15,4668.5,443.7,LNG,Calm,53.8
Feeder,17.34,1160.0,1004.0,Ammonia,Rough,50.8
Panamax,14.58,3309.9,1567.2,Ammonia,Calm,134.6
Handymax,12.74,3893.3,1788.3,Hydrogen,Rough,80.4
Feeder,11.56,2768.5,1556.8,Hydrogen,Calm,50.0
Container,20.17,5710.8,1666.6,Hydrogen,Moderate,453.7
Tanker,17.99,8358.7,1093.8,LNG,Rough,307.0
Ro-Ro,15.42,1872.2,2143.9,Ammonia,Moderate,204.7
Container,22.29,10084.5,410.7,Ammonia,Calm,195.8
Feeder,11.72,1706.0,467.3,Ammonia,Moderate,50.0
Tanker,15.79,7118.0,1082.8,Conventional (HFO/MGO),Rough,188.7
Ro-Ro,15.46,4385.0,696.7,Conventional (HFO/MGO),Rough,68.3
Feeder,16.49,2814.8,1249.1,LNG,Calm,50.0
Panamax,16.11,5968.5,954.5,LNG,Moderate,123.5
Handymax,11.76,5067.0,225.9,LNG,Calm,50.0
Container,18.6,8747.5,999.3,Methanol,Moderate,338.6
Ro-Ro,19.83,4427.5,917.4,Ammonia,Moderate,158.1
Ro-Ro,19.46,2792.3,379.8,LNG,Moderate,63.4
Container,13.81,9323.0,646.7,Methanol,Rough,111.2
Container,18.25,5071.9,1438.6,Conventional (HFO/MGO),Calm,348.1
Container,16.72,3710.6,842.8,Conventional (HFO/MGO),Calm,139.9
Panamax,12.67,2130.6,202.8,Hydrogen,Calm,50.0
Ro-Ro,19.74,6670.4,310.3,LNG,Calm,56.5
Ro-Ro,15.76,2091.1,272.7,Conventional (HFO/MGO),Calm,50.0
Handymax,18.73,3027.8,840.0,Conventional (HFO/MGO),Moderate,106.0
Handymax,14.38,3066.6,810.1,Methanol,Calm,52.0
Tanker,16.02,11434.1,1119.8,Hydrogen,Rough,226.6
Feeder,15.06,1118.2,595.6,Methanol,Moderate,50.0
Container,20.73,7993.8,204.6,LNG,Calm,74.6
Feeder,15.13,1217.8,904.6,Ammonia,Calm,50.0
Container,20.58,6837.7,1932.5,Methanol,Calm,733.9
Ro-Ro,16.33,7322.3,1088.4,Methanol,Rough,161.8
Panamax,13.95,1735.4,1890.7,LNG,Calm,131.8
Container,20.19,13245.0,1824.3,LNG,Calm,759.4
Feeder,17.39,1032.5,2101.5,LNG,Moderate,87.9
Container,15.73,6113.9,931.9,Hydrogen,Calm,157.3
Feeder,17.09,3159.5,469.5,Methanol,Calm,50.0
Handymax,16.2,4740.5,1628.8,Conventional (HFO/MGO),Moderate,148.1
Container,22.93,11932.9,1630.6,Hydrogen,Calm,817.9
Panamax,15.63,3720.4,372.3,Methanol,Calm,50.0
Feeder,17.54,2999.0,974.6,Hydrogen,Moderate,50.0
Container,22.73,11313.5,380.0,LNG,Moderate,183.9
Feeder,14.99,1166.4,1825.4,Ammonia,Moderate,53.0
Tanker,17.1,5856.5,1648.8,Hydrogen,Calm,239.2
Feeder,11.84,1681.0,2060.5,Hydrogen,Moderate,50.0
Feeder,17.1,3116.6,331.0,Methanol,Moderate,50.0
Feeder,12.34,2065.5,1778.5,Conventional (HFO/MGO),Rough,50.0
Panamax,12.53,2847.0,360.1,Methanol,Rough,50.0
Feeder,12.54,1889.2,1939.1,Hydrogen,Rough,50.0
Panamax,13.52,7594.5,181.3,Ammonia,Moderate,50.0
Ro-Ro,18.57,3512.8,1899.0,Ammonia,Calm,305.7
Panamax,13.36,2652.8,1533.6,Conventional (HFO/MGO),Calm,100.2
Feeder,15.64,1285.3,782.8,Conventional (HFO/MGO),Moderate,50.0
Panamax,14.57,7656.5,1405.3,Ammonia,Rough,182.3
Ro-Ro,11.67,6748.1,432.8,Conventional (HFO/MGO),Calm,50.0
Panamax,16.67,7074.7,534.9,Ammonia,Rough,112.0
Handymax,14.08,2285.6,1510.7,LNG,Moderate,76.5
Panamax,11.74,1602.7,2006.1,Conventional (HFO/MGO),Moderate,92.7
Panamax,19.18,7639.5,2051.1,Conventional (HFO/MGO),Calm,466.4
Ro-Ro,18.16,4239.9,1576.4,Conventional (HFO/MGO),Calm,221.5
Tanker,17.59,3486.9,1769.7,LNG,Calm,291.7
Tanker,13.48,3954.7,856.3,Hydrogen,Calm,63.7
Panamax,11.41,3441.7,717.8,Conventional (HFO/MGO),Calm,50.0
Handymax,18.32,5238.9,976.1,Conventional (HFO/MGO),Rough,149.3
Panamax,14.13,6574.4,436.4,Methanol,Moderate,50.0
Container,18.78,4541.6,605.3,Methanol,Moderate,181.1
Handymax,12.98,5688.7,1572.3,Conventional (HFO/MGO),Moderate,90.4
Feeder,16.49,2540.0,1921.7,Hydrogen,Moderate,70.4
Ro-Ro,11.95,4879.7,2142.1,Conventional (HFO/MGO),Moderate,101.2
Panamax,20.03,7095.3,679.6,Hydrogen,Moderate,166.7
Tanker,12.0,4281.3,506.0,Conventional (HFO/MGO),Calm,50.0
Tanker,17.45,3018.1,2162.7,LNG,Moderate,405.6
Container,18.98,5863.9,1035.7,Methanol,Moderate,308.2
Feeder,17.0,1008.0,1628.1,Conventional (HFO/MGO),Calm,61.7
Panamax,15.9,6890.6,1944.8,LNG,Calm,227.3
Ro-Ro,11.81,2054.6,1133.1,Ammonia,Moderate,50.0
Container,22.65,11413.5,1486.4,Conventional (HFO/MGO),Moderate,789.9
Handymax,17.1,3424.9,617.4,Hydrogen,Moderate,58.8
Tanker,15.61,8531.9,704.2,LNG,Moderate,101.6
Handymax,18.99,5358.6,1945.1,Hydrogen,Moderate,254.4
Feeder,12.57,2247.8,1256.3,Hydrogen,Moderate,50.0
Handymax,12.97,2278.7,1049.0,LNG,Calm,50.0
Ro-Ro,18.54,3144.0,1899.1,Conventional (HFO/MGO),Moderate,294.5
Tanker,16.31,3213.4,1275.5,Ammonia,Calm,183.8
Container,15.45,10323.0,843.5,Ammonia,Moderate,178.8
Ro-Ro,18.91,2777.9,1784.8,Methanol,Moderate,258.3
Panamax,11.69,5424.5,1970.2,Methanol,Calm,103.4
Feeder,12.25,1264.6,1459.3,Methanol,Calm,50.0
Container,18.77,7256.4,674.8,Methanol,Moderate,202.4
Container,12.46,7505.5,1453.7,Ammonia,Calm,135.8
Container,21.62,7705.0,461.8,LNG,Moderate,186.8
Container,20.89,9245.9,705.7,Hydrogen,Calm,261.5
Container,18.97,7284.8,1704.2,Hydrogen,Moderate,463.4
Feeder,13.76,1638.6,1824.4,LNG,Moderate,50.0
Container,20.23,12548.5,491.3,LNG,Calm,187.7
Ro-Ro,14.79,2492.3,1233.0,Hydrogen,Moderate,69.0
Ro-Ro,18.97,5466.8,1866.0,Hydrogen,Calm,291.0
Panamax,17.86,4903.5,727.4,Ammonia,Calm,130.3
Panamax,15.14,1873.1,1955.2,Conventional (HFO/MGO),Moderate,175.5
Ro-Ro,13.02,3025.6,1902.2,Methanol,Calm,87.5
Tanker,13.18,2024.4,1132.1,LNG,Calm,82.6
Feeder,12.0,635.5,2185.4,Conventional (HFO/MGO),Moderate,50.0
Ro-Ro,18.81,2207.5,1775.3,Methanol,Moderate,245.4
Ro-Ro,15.92,2177.2,728.9,Conventional (HFO/MGO),Calm,63.3
Tanker,14.46,8542.2,1122.3,Hydrogen,Calm,143.3
Tanker,13.56,8565.7,1859.6,Ammonia,Moderate,239.9
Ro-Ro,16.32,6255.3,1725.9,Conventional (HFO/MGO),Moderate,205.7
Ro-Ro,16.44,6933.8,1717.4,Hydrogen,Calm,170.9
Tanker,13.04,6268.2,569.0,Hydrogen,Calm,50.0
Panamax,18.56,5316.0,1810.1,LNG,Moderate,353.7
Tanker,18.65,5242.0,1775.9,Methanol,Moderate,437.9
Feeder,13.75,1439.4,934.2,Hydrogen,Calm,50.0
Feeder,11.39,2435.0,1383.9,Hydrogen,Moderate,50.0
Ro-Ro,12.83,5705.0,1696.4,Conventional (HFO/MGO),Moderate,92.3
Panamax,15.39,6039.4,707.8,Ammonia,Moderate,79.3
Container,20.63,8207.5,709.8,LNG,Calm,248.6
Ro-Ro,11.43,7193.3,1357.3,LNG,Moderate,65.4
Feeder,16.16,677.2,789.4,Methanol,Moderate,50.0
Tanker,18.78,8042.3,1144.0,LNG,Calm,259.4
Container,12.58,7605.6,637.3,Hydrogen,Rough,65.2
Panamax,14.75,2787.9,872.8,Methanol,Moderate,94.9
Handymax,17.39,1219.9,1844.5,Methanol,Calm,158.0
Tanker,17.37,2156.8,1228.7,Ammonia,Moderate,216.9
Feeder,13.77,925.9,1167.4,LNG,Calm,50.0
Container,14.1,2994.7,2040.3,LNG,Moderate,242.5
Ro-Ro,16.64,3713.4,1436.6,Hydrogen,Calm,117.6
Container,22.09,7291.8,629.4,LNG,Moderate,248.0
Ro-Ro,18.79,6514.3,1592.1,Methanol,Moderate,307.7
Container,18.6,7939.3,160.8,Conventional (HFO/MGO),Calm,50.0
Tanker,10.03,6406.7,1126.6,LNG,Calm,51.4
Ro-Ro,18.33,3463.8,790.8,Methanol,Moderate,110.5
Container,16.98,7126.6,1827.4,LNG,Moderate,404.1
Panamax,20.57,5422.2,2185.7,Methanol,Moderate,608.4
Panamax,12.59,7604.2,779.1,LNG,Moderate,57.7
Container,20.26,3012.0,843.8,Ammonia,Moderate,280.7
Ro-Ro,15.94,5926.9,1041.6,Hydrogen,Calm,77.9
Ro-Ro,18.28,3595.7,1356.5,Methanol,Calm,175.9
Container,20.16,5939.2,768.5,Conventional (HFO/MGO),Calm,254.2
Panamax,17.83,6665.0,1018.5,Methanol,Moderate,203.0
Tanker,17.89,5683.6,2072.9,Methanol,Calm,428.0
Feeder,15.45,2190.9,195.7,Hydrogen,Moderate,50.0
Panamax,20.11,4071.8,957.5,Conventional (HFO/MGO),Calm,215.4
Ro-Ro,19.29,4547.6,715.0,Hydrogen,Calm,95.7
Panamax,20.74,2106.9,946.2,Hydrogen,Moderate,180.2
Ro-Ro,15.17,3309.0,1139.6,Hydrogen,Calm,87.0
Panamax,15.96,8705.3,1240.2,Conventional (HFO/MGO),Calm,168.3
Container,20.26,4026.8,1896.8,LNG,Calm,599.6
Handymax,15.21,2672.8,151.3,Ammonia,Calm,50.0
Ro-Ro,15.36,6562.5,1716.4,Methanol,Rough,193.0
Handymax,15.09,2986.3,582.2,Methanol,Moderate,50.0
Ro-Ro,15.02,3042.9,1303.8,LNG,Calm,97.1
Ro-Ro,14.71,5597.9,2005.5,Methanol,Moderate,159.4
Handymax,15.96,5547.7,2156.2,LNG,Moderate,190.7
Tanker,10.79,4024.5,179.7,LNG,Moderate,50.0
Feeder,14.92,1002.9,1531.3,Hydrogen,Calm,50.0
Panamax,11.27,3787.2,1456.9,Ammonia,Calm,65.9
Panamax,17.02,4917.6,1966.9,Hydrogen,Calm,256.8
Ro-Ro,11.33,6882.6,1654.8,LNG,Calm,59.6
Feeder,15.48,1441.1,2035.7,LNG,Calm,50.0
Handymax,17.96,2824.5,1140.3,Ammonia,Rough,157.3
Ro-Ro,16.95,6557.5,1210.2,Hydrogen,Calm,116.8
Ro-Ro,15.43,3154.3,1516.0,Hydrogen,Moderate,106.6
Ro-Ro,17.46,5152.5,309.0,LNG,Moderate,50.0
Panamax,18.35,1923.3,1174.4,Hydrogen,Rough,197.8
Ro-Ro,12.36,1437.0,1237.6,Ammonia,Calm,50.0
Panamax,17.87,5909.0,1541.9,Hydrogen,Moderate,241.0
Handymax,15.02,3123.6,1107.0,Ammonia,Calm,73.9
Ro-Ro,14.46,2022.4,1852.6,Methanol,Moderate,115.8
Panamax,20.49,7083.0,210.2,Ammonia,Calm,54.6
Panamax,17.35,6684.3,1722.8,Hydrogen,Rough,307.8
Panamax,19.15,3762.7,1818.0,Ammonia,Calm,348.1
Handymax,13.86,3695.2,2099.6,Ammonia,Calm,115.5
Panamax,16.23,2878.0,282.9,Conventional (HFO/MGO),Moderate,50.0
Handymax,10.94,3929.0,1445.3,Methanol,Calm,50.0
Panamax,12.09,2633.0,1166.2,LNG,Calm,63.0
Tanker,17.22,5597.7,1282.8,Conventional (HFO/MGO),Moderate,238.5
Container,16.21,8790.0,885.1,LNG,Calm,169.1
Panamax,11.66,8321.0,499.5,Hydrogen,Calm,50.0
Tanker,11.99,8295.9,1468.2,Ammonia,Moderate,124.8
Container,19.82,6189.9,1246.7,Conventional (HFO/MGO),Calm,358.4
Ro-Ro,15.76,4776.4,840.9,Hydrogen,Calm,71.2
Tanker,10.4,2011.4,213.5,Hydrogen,Calm,50.0
Handymax,13.79,3161.5,1332.4,Hydrogen,Moderate,61.9
Ro-Ro,18.41,7002.7,1953.7,Ammonia,Moderate,340.0
Ro-Ro,12.79,3907.0,2020.9,Hydrogen,Moderate,98.4
Handymax,11.45,2910.2,1267.2,Methanol,Moderate,50.0
Container,16.9,2678.1,980.0,Conventional (HFO/MGO),Moderate,175.6
Panamax,17.31,3366.7,957.9,Ammonia,Calm,150.9
Panamax,17.75,7413.5,1425.5,Ammonia,Rough,339.9
Feeder,11.52,1549.9,849.2,Conventional (HFO/MGO),Moderate,50.0
Container,12.08,9998.5,956.4,Hydrogen,Calm,75.6
Container,19.97,10833.1,220.3,Methanol,Calm,71.6
Container,22.4,10133.5,897.7,Conventional (HFO/MGO),Moderate,439.0
Ro-Ro,11.13,6015.0,1631.5,LNG,Calm,58.0
Handymax,15.42,4667.4,717.2,Conventional (HFO/MGO),Moderate,63.6
Panamax,17.4,5045.5,750.1,Hydrogen,Calm,102.7
Tanker,12.53,11684.2,1811.2,Hydrogen,Calm,159.2
Feeder,10.82,3400.1,1457.9,Methanol,Calm,50.0
Ro-Ro,15.41,2783.3,1855.2,LNG,Moderate,135.6
Panamax,14.85,7599.4,916.4,Conventional (HFO/MGO),Calm,114.3
Handymax,17.75,3416.3,1351.1,Hydrogen,Moderate,135.3
Container,21.26,6149.2,1342.7,Conventional (HFO/MGO),Rough,579.6
Panamax,17.19,4772.7,683.3,Conventional (HFO/MGO),Calm,97.2
Tanker,18.48,5807.8,968.4,Hydrogen,Calm,228.0
Panamax,20.58,4770.2,580.1,Ammonia,Moderate,160.0
Ro-Ro,11.74,2068.2,926.5,LNG,Rough,50.0
Container,14.58,9451.5,983.0,Hydrogen,Calm,119.0
Handymax,17.68,5669.5,739.3,Conventional (HFO/MGO),Moderate,90.2
Tanker,15.84,9697.0,1738.2,Conventional (HFO/MGO),Calm,306.2
Container,12.99,3178.1,267.2,Conventional (HFO/MGO),Calm,50.0
Feeder,12.64,936.9,2091.1,Hydrogen,Rough,50.0
Tanker,18.63,5817.4,351.1,Conventional (HFO/MGO),Moderate,85.5
Container,15.54,6384.2,698.8,LNG,Calm,106.8
Tanker,16.23,8993.0,1219.9,Hydrogen,Calm,205.5
Feeder,11.13,903.0,1652.1,Conventional (HFO/MGO),Moderate,50.0
Ro-Ro,18.45,2378.8,935.7,Methanol,Moderate,136.3
Ro-Ro,13.02,6700.1,986.2,Methanol,Rough,71.5
Panamax,11.17,5237.2,681.8,Ammonia,Calm,50.0
Handymax,13.7,4597.0,765.7,LNG,Calm,50.0
Handymax,10.0,4785.3,844.9,Hydrogen,Moderate,50.0
Container,19.12,13103.3,211.2,Methanol,Calm,75.3
Panamax,17.17,3451.0,827.6,Ammonia,Rough,150.5
Handymax,11.19,5360.0,1331.3,LNG,Rough,52.3
Ro-Ro,13.62,4684.0,811.6,LNG,Calm,50.0
Feeder,16.52,1359.7,1090.7,LNG,Moderate,50.0
Container,21.32,9341.7,1138.9,Methanol,Moderate,556.9
Tanker,13.68,8272.3,1229.6,Ammonia,Calm,150.4
Handymax,12.7,5469.9,2182.4,Ammonia,Calm,94.2
Tanker,11.54,8171.7,230.2,Ammonia,Calm,50.0
Tanker,18.27,3402.5,506.0,LNG,Moderate,93.3
Panamax,18.73,2023.5,1839.3,LNG,Moderate,320.5
Handymax,18.47,3327.3,1651.7,Hydrogen,Moderate,190.8
Ro-Ro,18.01,7144.7,893.3,Ammonia,Moderate,157.3
Tanker,10.22,8344.2,380.1,Ammonia,Moderate,50.0
Handymax,17.85,2966.8,1810.5,Ammonia,Moderate,216.2
Container,14.31,3006.8,1210.6,LNG,Moderate,140.8
Container,12.15,10562.9,1791.7,Ammonia,Moderate,176.4
Feeder,16.9,2387.0,1857.3,Conventional (HFO/MGO),Calm,67.0
Ro-Ro,16.76,6416.7,506.1,Methanol,Calm,65.5
Feeder,11.92,774.0,879.2,Conventional (HFO/MGO),Moderate,50.0
Handymax,10.75,4845.0,951.9,LNG,Calm,50.0
Panamax,14.73,8708.1,669.0,Ammonia,Calm,79.5
Tanker,14.84,6655.4,2133.8,Hydrogen,Moderate,248.0
Panamax,13.08,5987.1,1901.5,Hydrogen,Moderate,130.9
Handymax,11.14,2676.3,1183.5,Methanol,Calm,50.0
Feeder,13.21,1793.7,2193.5,Methanol,Calm,50.0
Ro-Ro,12.17,7472.8,1527.5,Ammonia,Moderate,91.9
Panamax,19.26,2214.0,1725.5,LNG,Moderate,343.6
Container,20.17,9342.4,176.8,Conventional (HFO/MGO),Rough,73.2
Handymax,10.64,2342.6,1565.0,Ammonia,Calm,50.0
Feeder,16.61,805.3,1446.8,Conventional (HFO/MGO),Moderate,50.0
Feeder,12.4,2896.7,1760.0,LNG,Rough,50.0
Container,22.61,7880.8,2009.1,Ammonia,Calm,1112.6
Panamax,15.54,4404.6,1251.2,Methanol,Moderate,134.9
Ro-Ro,13.85,5330.6,1479.4,LNG,Moderate,90.5
Ro-Ro,19.5,1647.7,1544.0,Conventional (HFO/MGO),Calm,194.6
Tanker,13.78,3786.0,1696.6,Ammonia,Calm,181.7
Tanker,13.94,6961.8,931.8,Methanol,Calm,106.1
Ro-Ro,11.16,7613.7,884.4,Ammonia,Calm,50.0
Container,18.78,12920.7,1884.7,LNG,Moderate,676.2
Feeder,16.21,1008.4,243.5,LNG,Moderate,50.0
Handymax,10.91,1240.8,1535.2,Hydrogen,Moderate,50.0
Feeder,10.99,655.5,1060.7,LNG,Calm,50.0
Container,22.13,8857.6,1577.6,Conventional (HFO/MGO),Calm,708.0
Panamax,16.2,5943.6,826.1,LNG,Calm,99.3
Feeder,11.1,1462.7,772.9,LNG,Calm,50.0
Tanker,16.28,3904.2,244.2,Hydrogen,Moderate,50.0
Panamax,15.56,6184.4,485.3,LNG,Rough,62.3
Ro-Ro,13.57,5463.7,922.2,Ammonia,Moderate,64.6
Panamax,18.54,6019.4,662.5,Ammonia,Calm,132.5
Feeder,11.11,1089.8,369.0,Ammonia,Calm,50.0
Panamax,11.95,7245.6,2142.5,Ammonia,Calm,136.2
Container,14.26,9423.1,1339.0,Methanol,Calm,178.9
Container,13.72,13796.8,361.0,LNG,Calm,50.5
Tanker,13.9,8977.6,899.7,LNG,Moderate,109.9
Ro-Ro,19.5,6559.0,1668.6,LNG,Calm,326.0
Feeder,17.04,2305.3,1085.9,Ammonia,Calm,50.0
Container,15.95,3061.9,1041.8,Conventional (HFO/MGO),Moderate,197.4
Panamax,13.26,4922.8,2158.7,Methanol,Calm,147.6
Handymax,14.34,4505.4,1989.6,Hydrogen,Calm,111.1
Container,20.68,3075.0,150.4,Ammonia,Rough,62.4
Handymax,12.63,5397.4,1793.1,Ammonia,Rough,114.5
Panamax,17.81,5468.7,834.0,Conventional (HFO/MGO),Calm,134.0
Container,16.64,9775.3,2142.2,Conventional (HFO/MGO),Moderate,487.7
Feeder,12.54,1302.7,1829.1,Conventional (HFO/MGO),Calm,50.0
Container,12.2,2428.9,1123.2,Ammonia,Calm,84.6
Handymax,17.6,5273.0,1525.1,Ammonia,Calm,170.6
Panamax,11.98,3524.8,1179.0,Methanol,Calm,60.9
Handymax,14.17,1209.5,1309.2,LNG,Calm,59.4
Tanker,13.62,6989.0,1496.0,LNG,Calm,132.8
Panamax,13.06,5630.3,1067.6,Ammonia,Moderate,91.8
Feeder,15.22,1947.3,748.4,Ammonia,Moderate,50.0
Panamax,13.84,5889.8,1716.2,Methanol,Rough,193.9
Panamax,19.46,7119.6,1668.0,Ammonia,Calm,388.3
Tanker,16.67,3642.1,472.7,Methanol,Calm,70.6
Container,21.76,2525.0,314.1,Methanol,Calm,111.2
Feeder,15.74,3481.6,564.3,Methanol,Calm,50.0
Ro-Ro,17.33,4667.5,1902.5,LNG,Calm,217.9
Tanker,10.2,7195.3,972.9,Ammonia,Calm,53.4
Ro-Ro,13.37,1652.6,1339.5,Conventional (HFO/MGO),Rough,83.8
Feeder,13.27,1736.9,1349.3,Hydrogen,Rough,50.0
Ro-Ro,14.89,1592.9,1254.3,Hydrogen,Moderate,72.5
Container,15.3,4521.9,334.7,Hydrogen,Moderate,50.0
Feeder,15.39,2262.2,481.0,Methanol,Calm,50.0
Container,12.17,8861.1,923.2,Ammonia,Moderate,93.8
Container,15.64,13170.4,1357.9,Ammonia,Calm,312.9
Container,13.52,9163.1,1338.0,Methanol,Moderate,157.8
Panamax,14.66,4093.1,664.2,Hydrogen,Moderate,58.5
Feeder,16.26,1285.6,488.0,Conventional (HFO/MGO),Moderate,50.0
Panamax,14.5,6245.5,2061.0,Hydrogen,Calm,191.1
Handymax,18.08,2551.3,1157.1,Conventional (HFO/MGO),Moderate,127.3
Feeder,14.17,3382.7,562.8,LNG,Moderate,50.0
Tanker,10.62,5569.5,573.2,LNG,Moderate,50.0
Tanker,16.23,11493.1,768.2,Methanol,Calm,146.7
Tanker,17.61,6963.5,452.7,Ammonia,Moderate,111.1
Container,12.91,6405.7,1565.7,LNG,Rough,175.6
Handymax,14.11,4748.7,1920.6,Ammonia,Moderate,129.9
Ro-Ro,18.23,4496.2,824.6,LNG,Moderate,105.2
Ro-Ro,18.46,4160.4,711.7,LNG,Calm,100.0
Ro-Ro,12.67,3864.1,273.9,Conventional (HFO/MGO),Calm,50.0
Feeder,15.12,1250.0,924.5,Conventional (HFO/MGO),Moderate,50.0
Handymax,18.96,4065.4,1503.0,LNG,Moderate,218.8
Panamax,11.67,7676.4,158.4,Conventional (HFO/MGO),Moderate,50.0
Panamax,17.51,5102.9,1297.7,LNG,Calm,192.5
Panamax,11.23,6086.0,1210.0,Hydrogen,Calm,54.9
Ro-Ro,14.44,1847.2,2122.2,Hydrogen,Calm,113.8
Panamax,14.64,4897.2,211.1,Conventional (HFO/MGO),Moderate,50.0
Tanker,17.13,8074.7,1084.0,Methanol,Calm,231.3
Handymax,15.33,4584.0,1053.1,Ammonia,Calm,87.2
Feeder,13.4,1376.8,241.1,Conventional (HFO/MGO),Moderate,50.0
Panamax,18.84,5437.0,152.9,Methanol,Moderate,50.0
Ro-Ro,19.01,2011.6,1378.8,Methanol,Calm,181.0
Container,15.12,2414.3,1160.5,Methanol,Calm,142.3
Panamax,15.02,5186.9,1105.3,Conventional (HFO/MGO),Moderate,116.8
Handymax,13.56,5754.9,1432.7,Conventional (HFO/MGO),Rough,97.2
Ro-Ro,11.68,3361.6,1346.8,Hydrogen,Moderate,51.1
Panamax,13.07,4341.8,1927.0,Ammonia,Moderate,145.1
Ro-Ro,19.94,3404.3,388.4,Hydrogen,Calm,52.0
Container,16.98,9647.5,883.9,Ammonia,Moderate,228.7
Feeder,11.48,1724.6,1032.5,Methanol,Moderate,50.0
Feeder,17.2,1523.4,398.4,Ammonia,Calm,50.0
Feeder,17.11,3289.6,622.5,LNG,Moderate,50.0
Tanker,17.84,11891.1,2134.0,LNG,Moderate,593.1
Handymax,18.94,2736.1,1048.7,LNG,Calm,135.9
Tanker,17.28,6040.9,1010.0,Conventional (HFO/MGO),Calm,163.7
Handymax,18.12,5675.9,1063.3,Hydrogen,Moderate,129.6
Panamax,17.75,4677.7,1146.4,Hydrogen,Moderate,176.6
Tanker,13.19,6683.9,1867.1,Hydrogen,Calm,150.5
Feeder,10.85,1093.4,1685.6,Methanol,Calm,50.0
Ro-Ro,12.04,4098.2,2127.8,Conventional (HFO/MGO),Moderate,102.8
Tanker,15.12,8346.4,699.2,Methanol,Calm,98.4
Container,20.98,8090.8,1569.5,Hydrogen,Moderate,519.3
Panamax,13.36,7578.1,857.9,Hydrogen,Moderate,68.2
Feeder,10.91,2722.2,430.9,Ammonia,Calm,50.0
Ro-Ro,16.51,3996.2,2065.2,LNG,Moderate,188.0
Ro-Ro,13.03,5539.7,1690.7,Ammonia,Moderate,109.7
Handymax,15.01,6127.4,446.9,Ammonia,Calm,50.0
Container,16.87,9819.6,1254.1,LNG,Calm,254.4
Handymax,12.73,2010.7,1861.1,LNG,Calm,70.3
Handymax,12.99,5857.1,542.0,Ammonia,Moderate,50.0
Tanker,12.07,4870.4,688.0,Ammonia,Rough,70.1
Container,15.85,6846.2,986.8,Methanol,Calm,198.3
Container,16.85,8467.1,880.2,Methanol,Moderate,215.5
Container,14.31,2696.0,1809.0,Methanol,Rough,254.8
Handymax,13.22,4857.9,533.8,LNG,Rough,50.0
Container,12.76,5448.1,663.9,Ammonia,Calm,56.2
Feeder,10.96,3450.4,647.5,Methanol,Calm,50.0
Container,22.1,2562.8,1636.6,Methanol,Calm,611.5
Handymax,16.73,4206.9,564.6,Hydrogen,Calm,52.9
Container,16.65,5192.1,1712.0,Methanol,Calm,351.9
Container,14.46,8213.2,1216.4,Hydrogen,Moderate,165.7
Container,12.74,6663.7,1438.1,Methanol,Calm,147.9
Container,13.57,4617.9,1946.0,Conventional (HFO/MGO),Moderate,205.0
Panamax,20.19,7288.2,968.8,LNG,Moderate,249.5
Handymax,12.96,4138.2,987.2,LNG,Moderate,50.0
